date,vehicle,complaint_time,action_time,bus_ok_time,breakdown_type,cluster,dataloss,dataloss_time_from,dataloss_time_to,remarks,delay,diff
2019-07-01,0040,07:39:00,07:40:00,9:10:00,yes,yes,no,,,,,
2019-07-01,5013,07:22:00,07:30:00,13:30:00,no,no,,,,,,
2019-07-01,6710,09:00:00,09:10:00,9:40:00,yes,no,no,,,cluster formation at depot,,
2019-07-01,5313,10:14:00,10:35:00,13:10:00,yes,yes,no,,,,,
2019-07-01,5415,10:23:00,10:24:00,11:30:00,no,yes,,,,,,
2019-07-01,5308,10:37:00,11:00:00,12:56:00,yes,yes,no,,,cluster formation after 10:33:54,,
2019-07-01,6713,11:01:00,14:05:00,17:10:00,no,no,yes,10:54,,,,
2019-07-01,6708,11:10:00,14:05:00,16:40:00,yes,yes,no,,,,,
2019-07-01,5392,12:23:00,,12:30:00,no,no,yes,,,,,
2019-07-01,5607,13:28:00,14:10:00,15:30:30,no,no,no,,,,,
2019-07-01,5416,13:33:00,13:34:00,13:35:00,,no,,,,,,
2019-07-01,6131,,,13:35:00,,,,,,,,
2019-07-01,5606,,,15:40:00,,,,,,,,
2019-07-01,5150,15:27:00,15:35:00,17:36:00,,no,,,,,,
2019-07-01,5149,16:04:00,16:11:00,17:24:00,,no,,,,,,
2019-07-01,5280,16:25:00,16:30:00,17:16:00,no,no,no,,,,,
2019-07-01,6810,,,,,,,,,,,
2019-07-01,5389,,,,,,,,,,,
2019-07-01,5260,17:05:00,17:10:00,18:25:00,,no,,,,,,
2019-07-01,5009,17:50:00,17:51:00,18:00:00,,no,,,,,,
2019-07-01,5020,17:53:00,17:55:00,19:28:00,,no,,,,,,
2019-07-01,5126,18:02:00,18;10:00,19:20:00,,,,,,,,
2019-07-01,6196,18:16:00,18:20:00,18:41:00,,no,,,,,,
2019-07-01,5248,18:32:00,18:40:00,19:50:00,,yes,,,,,,
2019-07-01,5496,18:57:00,19:00:00,19:10:00,,no,,,,,,
2019-07-01,6788,19:27:00,19:36:00,21:00:00,,no,,,,,,
2019-07-01,5344,19:41:00,20:00:00,22:22:00,,no,,,,,,
2019-07-01,6716,19:47:00,20:00:00,21:23:00,,yes,,,,,,
2019-07-01,5341,20:06:00,20:10:00,00:50:00,,no,,,,,,
2019-07-01,5378,20:20:00,20:30:00,20:35:00,,yes,,,,,,
2019-07-01,5293,20:21:00,20:30:00,22:39:00,,no,,,,,,
2019-07-01,6247,21:13:00,21:15:00,,,yes,,,,,,
2019-07-02,5286,06:40:00,10:55:00,12:05:00,yes,no,,,,,,
2019-07-02,5341,08:00:00,08:01:00,08:25:00,yes,no,,,,,,
2019-07-02,6797,08:05:00,,,yes,yes,,,,,,
2019-07-02,5279,08:13:00,13:10:00,14:30:00,yes,no,,,,,,
2019-07-02,5314,08:26:00,11:55:00,13:20:00,yes,no,,,,,,
2019-07-02,5488,08:51:00,10:55:00,12:45:00,yes,no,,,,,,
2019-07-02,6944,08:54:00,09:10:00,10:00:00,yes,no,,,,,,
2019-07-02,6887,09:21:00,10:20:00,11:30:00,yes,no,,,,,,
2019-07-02,5416,09:22:00,09:30:00,10:20:00,yes,no,,,,,,
2019-07-02,5425,09:29:00,10:00:00,10:50:00,no,yes,no,,,,,
2019-07-02,5338,09:50:00,10:00:00,11:15:00,,yes,,,,,,
2019-07-02,6886,09:52:00,12:30:00,13:00:00,,no,,,,,,
2019-07-02,5258,10:00:00,12:00:00,14:25:00,yes,yes,,,,,,
2019-07-02,5606,10:27:00,,12:30:00,,no,,,,,,
2019-07-02,5277,10:28:00,10:40:00,12:00:00,,no,,,,,,01:20:00
2019-07-02,5608,11:32:00,14:15:00,15:00:00,,yes,,,,,,00:45:00
2019-07-02,6248,12:32:00,12:33:00,12:50:00,,no,,,,,,00:17:00
2019-07-02,6797,13:22:00,13:23:00,14:11:00,,no,,,,,,00:48:00
2019-07-02,6710,14:48:00,15:03:00,16:10:00,,no,,,,,,01:07:00
2019-07-02,6240,15:40:00,15:50:00,16:55:00,,no,,,,,,01:05:00
2019-07-02,5303,15:48:00,15:45:00,16:32:00,,no,,,,,,00:47:00
2019-07-02,5150,15:53:00,15:54:00,16:15:00,,no,,,,,,00:21:00
2019-07-02,5441,15:58:00,16:15:00,17:38:00,,no,,,,,,01:23:00
2019-07-02,5262,16:49:00,17:35:00,20:33:00,,no,,,,,,02:58:00
2019-07-02,5149,17:20:00,17:20:00,18:15:00,,no,,,,,,00:55:00
2019-07-02,5278,17:47:00,18:00:00,20:40:00,,yes,,,,,,02:40:00
2019-07-02,5324,18:04:00,18:10:00,20:00:00,,no,,,,,,01:50:00
2019-07-02,6715,18:47:00,19:00:00,19:26:00,,no,,,,,,00:26:00
2019-07-02,6878,19:10:00,17:10:00,20:10:00,,no,,,,,,03:00:00
2019-07-02,5039,19:35:00,19:50:00,21:00:00,,no,,,,,,01:10:00
2019-07-02,6203,19:40:00,19:40:00,,,no,,,,,,04:20:00
2019-07-02,5261,19:48:00,20:10:00,,,no,,,,,,03:50:00
2019-07-02,6713,19:53:00,20:00:00,,,no,,,,,,04:00:00
2019-07-02,6134,22:00:00,20:10:00,,,no,,,,,,03:50:00
2019-07-02,5383,20:22:00,20:25:00,,,no,,,,,,03:35:00
2019-07-02,5330,20:36:00,20:40:00,,,no,,,,,,03:20:00
2019-07-02,5335,20:56:00,21:00:00,,,no,,,,,,03:00:00
2019-07-02,5356,22:10:00,22:20:00,,,no,,,,,,01:40:00
2019-07-03,5471,07:00:00,07:01:00,08:30:00,yes,no,,,,,,01:29:00
2019-07-03,5494,07:10:00,07:12:00,07:50:00,no,no,no,,,,,#REF!
2019-07-03,5010,07:17:00,08:22:00,08:40:00,no,no,no,,,,,
2019-07-03,5298,07:20:00,07:50:00,08:20:00,no,no,no,,,,,
2019-07-03,5431,07:20:00,07:50:00,09:15:00,yes,no,,,,,,
2019-07-03,5389,07:54:00,,10:10:00,yes,no,,,,,,
2019-07-03,5388,08:04:00,,08:30:00,no,no,no,,,,,
2019-07-03,6710,08:14:00,08:15:00,10:20:00,no,no,no,,,,,
2019-07-03,6892,08:23:00,08:30:00,09:10:00,no,no,no,,,,,
2019-07-03,5020,08:23:00,08:50:00,10:00:00,yes,yes,,,,,,
2019-07-03,5371,09:00:00,09:02:00,09:40:00,yes,no,,,,,,
2019-07-03,5278,09:24:00,,10:10:00,no,no,no,,,,,
2019-07-03,6944,09:35:00,09:55:00,10:00:00,yes,no,,,,,,
2019-07-03,6717,09:46:00,09:46:00,10:40:00,yes,no,,,,,,
2019-07-03,6135,10:05:00,10:40:00,11:50:00,no,yes,no,,,,,
2019-07-03,5375,10:15:00,,11:10:00,no,no,no,,,,,
2019-07-03,6710,10:20:00,10:40:00,11:10:00,yes,yes,,,,,,
2019-07-03,5020,11:20:00,11:30:00,12:30:00,no,yes,no,,,,,
2019-07-03,6793,11:20:00,,11:30:00,yes,no,,,,,,
2019-07-03,6242,11:35:00,11:40:00,,yes,yes,,,,,,
2019-07-03,5298,11:58:00,12:00:00,12:50:00,yes,no,,,,,,
2019-07-03,6708,12:33:00,,,no,no,no,,,,,
2019-07-03,5039,12:36:00,12:40:00,14:05:00,yes,yes,,,,,,
2019-07-03,5256,12:40:00,,13:30:00,no,no,no,,,,,
2019-07-03,5044,12:58:00,,13:10:00,no,no,no,,,,,
2019-07-03,5488,13:10:00,13:10:00,13:20:00,yes,no,,,,,,
2019-07-03,5377,13:15:00,,13:50:00,no,no,no,,,,,
2019-07-03,6709,13:25:00,,13:30:00,no,no,no,,,,,
2019-07-03,6897,13:46:00,,13:50:00,yes,no,,,,,,
2019-07-03,5319,13:58:00,14:30:00,16:00:00,no,no,no,,,,,
2019-07-03,6210,14:00:00,14:10:00,15:00:00,yes,no,,,,,,
2019-07-03,5278,15:00:00,15:20:00,17:10:00,,yes,,,,,,
2019-07-03,5424,15:40:00,15:42:00,16:00:00,,yes,,,,,,
2019-07-03,5339,16:16:00,16:22:00,16:49:00,,yes,,,,,,
2019-07-03,5488,16:26:00,16:30:00,17:15:00,,no,,,,,,
2019-07-03,5428,16:40:00,16:45:00,16:50:00,,no,,,,,,
2019-07-03,5429,17:03:00,17:10:00,17:35:00,,no,,,,,,
2019-07-03,5441,17:28:00,17:30:00,17:05:00,,no,,,,,,
2019-07-03,5017,18:30:00,18:30:00,19:32:00,,no,,,,,,
2019-07-03,6791,18:32:00,18:50:00,20:15:00,,yes,,,,,,
2019-07-03,6247,18:53:00,19:00:00,20:30:00,,yes,,,,,,
2019-07-03,6787,19:10:00,19:10:00,19:20:00,,no,,,,,,
2019-07-03,5282,19:30:00,21:00:00,20:35:00,,no,,,,,,
2019-07-03,5382,20:13:00,21:15:00,21:30:00,,yes,,,,,,
2019-07-03,5426,20:14:00,21:00:00,21:30:00,,no,,,,,,
2019-07-03,6792,20:16:00,21:00:00,21:30:00,,no,,,,,,
2019-07-03,6717,20:18:00,20:21:00,21:00:00,,yes,,,,,,
2019-07-03,0039,20:20:00,21:00:00,21:45:00,,yes,,,,,,
2019-07-04,5335,07:14:00,07:30:00,07:50:00,no,no,no,,,,,
2019-07-04,5605,07:34:00,07:40:00,09:00:00,yes,yes,,,,,,
2019-07-04,5020,08:45:00,10:40:00,12:30:00,yes,no,,,,,,
2019-07-04,5283,09:17:00,10:40:00,12:20:00,yes,no,,,,,,
2019-07-04,5423,09:20:00,09:40:00,10:40:00,yes,no,,,,,,
2019-07-04,5343,09:47:00,10:00:00,10:42:00,yes,yes,,,,,,
2019-07-04,5431,10:14:00,10:40:00,11:00:00,yes,yes,,,,,,
2019-07-04,5495,10:21:00,10:30:00,11:55:00,yes,yes,,,,,,
2019-07-04,6898,10:33:00,10:39:00,11:10:00,no,no,no,,,,,
2019-07-04,5441,10:38:00,10:39:00,13:00:00,no,no,no,,,,,
2019-07-04,5340,10:54:00,11:00:00,11:45:00,yes,no,,,,,,
2019-07-04,5436,11:46:00,12:00:00,13:50:00,yes,no,,,,,,
2019-07-04,5377,12:06:00,12:10:00,13:00:00,yes,no,,,,,,
2019-07-04,5278,12:58:00,13:10:00,13:50:00,no,no,no,,,,,
2019-07-04,5442,13:00:00,14:00:00,15:10:00,yes,yes,,,,,,
2019-07-04,5012,13:23:00,13:30:00,16:48:00,yes,no,,,,,,
2019-07-04,5308,13:58:00,14:00:00,16:20:00,yes,no,,,,,,
2019-07-04,6202,14:07:00,14:40:00,16:25:00,yes,no,,,,,,
2019-07-04,6898,15:16:00,15:20:00,15:40:00,no,no,no,,,,,
2019-07-04,5044,16:04:00,16:15:00,17:45:00,,no,,,,,,
2019-07-04,6034,16:28:00,16:30:00,18:40:00,,no,,,,,,
2019-07-04,5299,16:36:00,16:40:00,17:34:00,,no,,,,,,
2019-07-04,5306,16:46:00,16:52:00,17:50:00,,yes,,,,,,
2019-07-04,5332,16:50:00,17:10:00,18:10:00,,yes,,,,,,
2019-07-04,6879,17:03:00,17:10:00,18:10:00,,no,,,,,,
2019-07-04,5261,17:16:00,17:20:00,17:50:00,,no,,,,,,
2019-07-04,6708,18:04:00,18:10:00,20:00:00,,yes,,,,,,
2019-07-04,6786,18:06:00,18:15:00,18:15:00,,no,,,,,,
2019-07-04,5475,18:10:00,18:20:00,07:40:00,,no,,,,,,
2019-07-04,6240,18:47:00,18:50:00,20:00:00,,yes,,,,,,
2019-07-04,5329,18:53:00,19:00:00,20:30:00,,yes,,,,,,
2019-07-04,5342,19:38:00,19:40:00,20:20:00,,yes,,,,,,
2019-07-04,5343,19:52:00,20:00:00,20:10:00,,yes,,,,,,
2019-07-04,6787,20:38:00,20:45:00,21:30:00,no,no,no,,,,,
2019-07-04,6210,21:11:00,21:30:00,00:00:00,no,no,no,,,,,
2019-07-04,6890,21:15:00,21:30:00,10:00:00,no,no,no,,,,,
2019-07-04,5285,21:35:00,21:40:00,10:40:00,no,yes,no,,,,,
2019-07-05,5315,05:38:00,06:00:00,07:10:00,yes,yes,yes,05:31:00,06:40:00,gps points clustered at first then data lost for 1 hour,,
2019-07-05,6708,06:40:00,07:00:00,08:00:00,yes,no,,,,,,
2019-07-05,6708,09:40:00,11:05:00,11:05:00,yes,yes,yes,,,,,
2019-07-05,5312,09:06:00,09:50:00,11:05:00,yes,yes,no,,,gps points clusters for the duration of complaint to bus ok time,,
2019-07-05,5012,09:08:00,09:10:00,10:50:00,no,no,yes,08:01:17,09:14:43,data points occur at a distant location after being lost,,
2019-07-05,5424,09:10:00,09:11:00,10:40:00,yes,no,yes,08:29:00,16:02:50,,,
2019-07-05,6244,09:22:00,09:23:00,12:00:00,no,no,yes,08:58:00,09:26:38,,,
2019-07-05,5382,09:40:00,09:41:00,12:55:00,yes,no,yes,09:26:25,01:09:18,,,
2019-07-05,5283,09:30:00,09:41:00,10:00:00,yes,no,no,,,gps points clustered for around 1 hour in depot,,
2019-07-05,5280,10:00:00,10:11:00,12:15:00,yes,no,,,,,,
2019-07-05,5409,10:10:00,10:19:00,11:05:00,yes,no,yes,10:21:57,11:19:47,,,
2019-07-05,5330,10:49:00,10:50:00,12:20:00,no,no,no,,,,,
2019-07-05,5431,12:10:00,13:00:00,13:00:00,yes,no,yes,,,,,
2019-07-05,5302,12:33:00,12:33:00,13:00:00,yes,no,yes,11:19:00,,,,
2019-07-05,6210,12:30:00,14:00:00,15:50:00,no,no,,,,,,
2019-07-05,6892,14:20:00,14:21:00,16:20:00,yes,no,yes,13:02:30,14:57:48,,,
2019-07-05,5328,14:28:00,14:30:00,15:20:00,no,no,yes,13:30:00,14:30:00,no cluster observed,,
2019-07-05,5327,14:51:00,14:55:00,16:30:00,yes,no,,,,,,
2019-07-05,5322,15:06:00,15:10:00,16:20:00,yes,no,yes,12:13:00,16:20:00,,,
2019-07-05,5150,15:19:00,15:25:00,15:15:00,no,yes,no,,,gps points clustered for more than 2.5 hours,,
2019-07-05,5258,15:30:00,16:30:00,16:25:00,yes,yes,yes,16:03:00,17:06:00,gps points clustered for more than 3 hours,,
2019-07-05,5044,15:32:00,15:45:00,16:30:00,no,no,yes,14:06:00,19:00:00,no data after 14:06:00,,
2019-07-05,6943,15:34:00,17:30:00,17:00:00,no,no,yes,16:50:00,17:53:00,,,
2019-07-05,5277,15:37:00,15:40:00,16:37:00,no,no,yes,13:45:00,15:45:00,,,
2019-07-05,5415,15:53:00,17:15:00,17:30:00,no,yes,yes,17:05:00,17:44:30,,,
2019-07-05,5606,15:58:00,16:00:00,17:30:00,no,no,,,,,,
2019-07-05,5257,16:00:00,16:10:00,16:18:00,no,no,,,,,,
2019-07-05,6716,16:07:00,16:10:00,18:44:00,,yes,yes,16:48:00,17:03:00,,,
2019-07-05,5366,16:30:00,16:35:00,18:34:00,,no,,,,,,
2019-07-05,6199,16:32:00,16:35:00,17:00:00,,no,no,,,,,
2019-07-05,6793,16:32:00,16:35:00,18:30:00,,no,yes,16:40:00,17:00:00,,,
2019-07-05,5323,17:11:00,17:15:00,17:30:00,yes,no,yes,17:05:00,21:06:00,,,
2019-07-05,5332,17:26:00,17:35:00,19:20:00,,yes,yes,17:08:00,17:36:00,,,
2019-07-05,5443,17:37:00,17:46:00,18:15:00,,yes,yes,17:27:00,18:20:00,,,
2019-07-05,5280,17:41:00,17:51:00,19:15:00,,no,yes,17:33:24,19:17:56,,,
2019-07-05,5039,18:45:00,18:46:00,20:10:00,yes,no,yes,19:29:32,20:35:47,,,
2019-07-05,6779,20:00:00,20:10:00,23:59:59,,no,yes,19:46:00,22:46:00,,,
2019-07-05,5318,20:10:00,20:10:00,21:30:00,,no,yes,20:04:00,20:33:00,delayed gps signals; received signal for 20:04:46 at 20:41:32,,
2019-07-05,5383,20:26:00,20:30:00,22:30:00,,yes,no,,,,,
2019-07-05,5278,20:47:00,20:50:00,22:15:00,yes,no,yes,20:33:00,21:10:00,,,
2019-07-05,5327,20:54:00,21:00:00,21:30:00,,no,,,,,,
2019-07-05,6127,21:01:00,21:01:00,23:59:59,,no,,,,,,
2019-07-05,6946,21:07:00,21:10:00,22:00:00,no,yes,,,,,,
2019-07-06,6715,07:00:00,07:10:00,08:00:00,no,no,,,,,,
2019-07-06,5019,07:02:00,07:15:00,07:40:00,yes,no,yes,07:16:52,07:52:12,,,
2019-07-06,6884,08:26:00,09:30:00,08:34:00,,no,yes,,,,,
2019-07-06,6197,08:40:00,08:41:00,10:45:00,,no,yes,09:30:00,11:37:00,,,
2019-07-06,5328,08:46:00,08:47:00,12:19:00,,no,yes,08:30:00,12:42:00,,,
2019-07-06,5438,09:25:00,10:25:00,12:18:00,,yes,no,,,,,
2019-07-06,6885,09:31:00,09:34:00,12:00:00,yes,no,yes,09:15:00,14:26:00,,,
2019-07-06,5332,09:32:00,09:34:00,10:00:00,no,no,no,,,,,
2019-07-06,5372,09:15:00,13:16:00,15:00:00,yes,no,,,,,,
2019-07-06,5256,09:43:00,09:50:00,11:00:00,yes,no,yes,09:08:00,10:17:30,,,
2019-07-06,6134,10:11:00,10:15:00,10:40:00,,no,no,,,,,
2019-07-06,5039,10:18:00,10:20:00,11:00:00,yes,no,yes,10:09:00,10:49:00,,,
2019-07-06,5469,10:52:00,11:00:00,12:00:00,yes,yes,no,,,,,
2019-07-06,5492,11:00:00,11:01:00,12:00:00,yes,no,yes,10:48:00,13:30:00,,,
2019-07-06,6126,11:36:00,11:40:00,12:15:00,yes,no,yes,10:44:00,12:55:00,,,
2019-07-06,5012,12:02:00,12:03:00,15:00:00,,no,yes,11:35:00,17:46:00,,,
2019-07-06,5606,13:10:00,13:17:00,13:21:00,no,no,no,,,,,
2019-07-06,6698,13:27:00,14:00:00,,yes,no,yes,13:45:00,15:28:00,,,
2019-07-06,5335,13:36:00,14:00:00,13:46:00,yes,no,,,,,,
2019-07-06,5409,13:00:00,14:00:00,13:20:00,yes,no,,,,,,
2019-07-06,5325,14:28:00,14:29:00,15:25:00,no,no,no,,,,,
2019-07-06,5426,14:35:00,14:41:00,16:00:00,,no,,,,,,
2019-07-06,6131,14:40:00,14:41:00,15:10:00,,yes,,,,,,
2019-07-06,5392,14:57:00,15:15:00,17:50:00,,no,,,,,,
2019-07-06,5260,15:01:00,15:42:00,16:00:00,,no,,,,,,
2019-07-06,5020,15:31:00,15:35:00,17:50:00,,no,,,,,,
2019-07-06,5286,15:35:00,15:40:00,16:30:00,,no,,,,,,
2019-07-06,6190,16:05:00,16:08:00,16:30:00,,no,no,,,,,
2019-07-06,6715,16:10:00,16:10:00,17:21:00,,no,,,,,,
2019-07-06,6246,16:15:00,16:16:00,19:25:00,,no,,,,,,
2019-07-06,6125,16:46:00,16:50:00,18:05:00,,yes,,,,,,
2019-07-06,5335,17:05:00,18:10:00,18:40:00,,no,,,,,,
2019-07-06,5383,17:57:00,18:10:00,18:30:00,,no,,,,,,
2019-07-06,5343,18:31:00,18:30:00,19:00:00,,no,,,,,,
2019-07-06,6791,18:44:00,20:00:00,20:35:00,no,no,,,,,,
2019-07-06,5319,18:50:00,18:50:00,20:40:00,yes,yes,yes,19:07:00,19:37:00,,,
2019-07-06,6786,18:50:00,18:51:00,20:30:00,no,no,no,,,,,
2019-07-06,6887,18:55:00,19:05:00,20:10:00,yes,no,,,,,,
2019-07-06,5344,18:57:00,19:00:00,21:00:00,no,yes,no,,,,,
2019-07-06,5032,20:19:00,20:20:00,,,no,,,,,,
2019-07-06,6210,20:41:00,20:45:00,21:45:00,,no,,,,,,
2019-07-06,6134,21:28:00,21:40:00,21:50:00,,no,,,,,,
2019-07-06,5276,21:48:00,22:18:00,,,no,,,,,,
2019-07-06,5342,22:41:00,23:15:00,,,no,,,,,,
2019-07-06,5496,22:42:00,23:05:00,,,no,,,,,,
2019-07-07,5297,07:39:00,08:00:00,08:15:00,illegible,no,,,,,,
2019-07-07,6709,06:00:00,08:35:00,06:00:00,,no,,,,,,
2019-07-07,6715,08:33:00,08:35:00,09:20:00,,no,,,,,,
2019-07-07,6792,09:04:00,09:20:00,10:48:00,,yes,,,,,,
2019-07-07,6125,09:10:00,09:12:00,12:00:00,,no,,,,,,
2019-07-07,6892,09:16:00,09:20:00,09:45:00,,no,,,,,,
2019-07-07,6243,09:26:00,09:30:00,10:30:00,,no,,,,,,
2019-07-07,5150,09:41:00,09:45:00,10:40:00,,yes,,,,,,
2019-07-07,6878,09:56:00,10:00:00,10:30:00,,no,,,,,,
2019-07-07,5277,10:42:00,10:53:00,11:45:00,,no,,,,,,
2019-07-07,0040,11:14:00,11:15:00,11:20:00,,no,,,,,,
2019-07-07,6192,11:25:00,11:30:00,13:30:00,,yes,,,,,,
2019-07-07,5039,12:04:00,12:15:00,14:46:00,,yes,,,,,,
2019-07-07,5443,12:34:00,12:50:00,13:10:00,,no,,,,,,
2019-07-07,5428,12:37:00,12:40:00,12:30:00,,no,,,,,,
2019-07-07,5343,12:54:00,13:20:00,15:00:00,,no,,,,,,
2019-07-07,6126,12:56:00,13:00:00,14:35:00,,no,,,,,,
2019-07-07,6780,13:11:00,13:35:00,16:29:00,,no,,,,,,
2019-07-07,5440,13:17:00,13:46:00,16:10:00,,no,,,,,,
2019-07-07,5389,13:51:00,14:00:00,14:10:00,,no,,,,,,
2019-07-07,5473,14:29:00,14:35:00,15:53:00,,yes,,,,,,
2019-07-07,5335,14:37:00,14:40:00,17:22:00,,no,,,,,,
2019-07-07,5333,14:37:00,14:40:00,16:30:00,,no,,,,,,
2019-07-07,6196,15:30:00,15:32:00,17:24:00,,no,,,,,,
2019-07-07,6881,15:35:00,15:37:00,17:00:00,,no,,,,,,
2019-07-07,6886,16:10:00,16:12:00,18:00:00,,no,,,,,,
2019-07-07,6786,16:48:00,16:56:00,18:30:00,,yes,,,,,,
2019-07-07,5327,18:00:00,18:03:00,18:25:00,,no,,,,,,
2019-07-07,5297,18:24:00,18:27:00,20:00:00,,no,,,,,,
2019-07-07,5413,18:27:00,18:31:00,19:00:00,,no,,,,,,
2019-07-07,5496,18:43:00,19:00:00,,,yes,,,,,,
2019-07-07,6784,19:15:00,19:20:00,20:00:00,,no,,,,,,
2019-07-07,6793,19:20:00,19:25:00,20:30:00,,no,,,,,,
2019-07-07,5438,19:30:00,19:40:00,19:40:00,,yes,,,,,,
2019-07-07,6203,19:35:00,19:42:00,19:42:00,,no,,,,,,
2019-07-07,5386,19:58:00,20:05:00,21:30:00,,no,,,,,,
2019-07-07,5278,20:07:00,20:55:00,,,no,,,,,,
2019-07-07,6240,20:14:00,21:00:00,,,yes,,,,,,
2019-07-07,6132,20:18:00,21:00:00,21:30:00,,no,,,,,,
2019-07-07,5286,20:19:00,21:00:00,,,yes,,,,,,
2019-07-08,5315,05:30:00,07:30:00,09:30:00,no,no,no,,,,,
2019-07-08,6785,06:09:00,06:30:00,08:40:00,yes,yes,,,,,,
2019-07-08,5377,07:10:00,07:18:00,08:00:00,yes,yes,,,,,,
2019-07-08,5012,09:00:00,09:10:00,10:40:00,yes,no,,,,,,
2019-07-08,5284,09:13:00,09:15:00,9:14:00,no,no,no,,,,,
2019-07-08,6240,09:36:00,09:37:00,12:05:00,yes,no,,,,,,
2019-07-08,6708,09:43:00,09:50:00,11:00:00,yes,yes,,,,,,
2019-07-08,5441,09:51:00,10:00:00,10:30:00,no,no,no,,,,,
2019-07-08,5039,10:42:00,10:50:00,12:54:00,yes,no,,,,,,
2019-07-08,5340,11:17:00,11:18:00,11:50:00,no,yes,no,,,,,
2019-07-08,6947,12:24:00,12:30:00,14:37:00,yes,yes,,,,,,
2019-07-08,6716,12:26:00,13:00:00,,no,no,no,,,,,
2019-07-08,6190,13:15:00,14:00:00,15:55:00,no,no,no,,,,,
2019-07-08,5413,13:16:00,13:40:00,14:20:00,yes,yes,,,,,,
2019-07-08,5318,13:17:00,14:00:00,14:19:00,no,no,no,,,,,
2019-07-08,5262,13:27:00,14:00:00,14:26:00,yes,no,,,,,,
2019-07-08,6898,13:50:00,15:00:00,17:40:00,yes,yes,,,,,,
2019-07-08,5392,14:00:00,14:10:00,14:55:00,,no,,,,,,
2019-07-08,5340,14:00:00,14:10:00,,,no,,,,,,
2019-07-08,5391,14:10:00,14:15:00,15:15:00,,no,,,,,,
2019-07-08,5416,14:30:00,15:00:00,16:20:00,,yes,,,,,,
2019-07-08,5473,14:43:00,15:00:00,15:39:00,,no,,,,,,
2019-07-08,6127,14:45:00,14:46:00,16:26:00,yes,no,,,,,,
2019-07-08,6134,15:45:00,15:48:00,18:00:00,,yes,,,,,,
2019-07-08,5013,15:58:00,16:10:00,18:18:00,,yes,,,,,,
2019-07-08,5428,16:21:00,16:24:00,17:15:00,,no,,,,,,
2019-07-08,6244,16:53:00,17:00:00,17:20:00,,no,,,,,,
2019-07-08,5283,17:00:00,17:05:00,17:10:00,,no,,,,,,
2019-07-08,5279,18:13:00,18:30:00,18:00:00,,no,,,,,,
2019-07-08,6793,19:04:00,19:10:00,19:30:00,,no,,,,,,
2019-07-08,6786,19:46:00,19:48:00,20:35:00,,no,,,,,,
2019-07-08,5471,20:03:00,20:20:00,,,no,,,,,,
2019-07-08,5342,20:10:00,20:15:00,,,no,,,,,,
2019-07-08,5442,21:00:00,21:10:00,,,yes,,,,,,
2019-07-08,5374,21:10:00,21:15:00,,,no,,,,,,
2019-07-08,5375,21:19:00,21:20:00,,,no,,,,,,
2019-07-09,6247,08:04:00,08:10:00,10:00:00,,no,Yes,8:48:00,10:12:00,,,
2019-07-09,5020,08:24:00,08:41:00,09:36:00,,no,Junk Data (Doubt),,,,,
2019-07-09,6192,08:27:00,08:30:00,09:36:00,no,no,no,8:43:00,10:32:00,,,
2019-07-09,6879,09:14:00,09:17:00,10:20:00,,no,yes,9:04:00,10:24:00,,,
2019-07-09,6793,09:34:00,09:40:00,12:15:00,,no,yes,9:41,12:16,,,
2019-07-09,5377,09:43:00,09:50:00,12:00:00,,no,no (Clusters),,,,,
2019-07-09,5012,10:06:00,10:10:00,11:30:00,,yes,yes,9:19,12:57,,,
2019-07-09,5257,11:34:00,11:40:00,12:15:00,,no,no,,,,,
2019-07-09,5296,12:50:00,01:00:00,13:10:00,,yes,no,11:54:00,12:52:00,Different breakdown time ,,
2019-07-09,5473,13:24:00,13:30:00,13:50:00,yes,no,yes,13:34:00,13:47:00,,,
2019-07-09,6716,13:27:00,13:30:00,14:40:00,no,no,no,14:21:00,14:40:00,,,
2019-07-09,5376,13:31:00,14:00:00,16:00:00,yes,no,,,,,,
2019-07-09,6242,13:36:00,13:40:00,15:13:00,yes,yes,,,,,,
2019-07-09,6135,14:00:00,14:10:00,14:40:00,,no,,,,,,
2019-07-09,5327,14:42:00,15:00:00,15:30:00,,no,,,,,,
2019-07-09,5325,15:10:00,15:40:00,16:00:00,,yes,,,,,,
2019-07-09,5020,15:26:00,15:50:00,16:00:00,no,no,no,,,,,
2019-07-09,6788,15:30:00,15:35:00,18:00:00,yes,no,,,,,,
2019-07-09,6698,15:33:00,15:38:00,16:00:00,no,no,no,,,,,
2019-07-09,5416,16:46:00,17:00:00,18:10:00,yes,no,,,,,,
2019-07-09,5441,17:00:00,17:10:00,17:40:00,no,no,no,,,,,
2019-07-09,5386,17:01:00,17:10:00,17:30:00,yes,no,,,,,,
2019-07-09,5338,17:42:00,18:00:00,19:00:00,yes,no,,,,,,
2019-07-09,5299,18:17:00,18:20:00,19:28:00,no,no,no,,,,,
2019-07-09,5474,19:17:00,19:40:00,20:10:00,no,no,no,,,,,
2019-07-09,6213,19:20:00,19:40:00,20:26:00,no,no,no,,,,,
2019-07-09,5371,20:02:00,22:00:00,21:15:00,yes,no,,,,,,
2019-07-09,5387,20:05:00,21:40:00,21:30:00,yes,no,,,,,,
2019-07-09,5472,20:27:00,21:45:00,21:50:00,yes,no,,,,,,
2019-07-09,5013,20:33:00,20:36:00,20:51:00,yes,yes,,,,,,
2019-07-09,5409,20:52:00,20:53:00,22:00:00,no,yes,no,,,,,
2019-07-09,6791,22:29:00,22:40:00,00:40:00,no,no,no,,,,,
2019-07-10,6132,08:00:00,08:50:00,09:40:00,no,no,no,,,,,
2019-07-10,5385,08:05:00,08:15:00,09:00:00,no,no,no,,,,,
2019-07-10,6715,08:30:00,,09:00:00,no,no,no,,,,,
2019-07-10,5251,08:50:00,09:00:00,09:40:00,no,yes,no,,,,,
2019-07-10,6776,10:24:00,10:30:00,11:15:00,no,yes,no,,,,,
2019-07-10,6196,10:50:00,11:00:00,12:20:00,no,no,no,,,,,
2019-07-10,6207,11:30:00,11:35:00,12:10:00,no,no,no,,,,,
2019-07-10,5036,14:05:00,14:10:00,15:00:00,no,no,no,,,,,
2019-07-10,6715,14:40:00,14:45:00,15:20:00,no,no,no,,,,,
2019-07-10,6787,15:05:00,15:10:00,15:21:00,yes,no,,,,,,
2019-07-10,6717,15:17:00,15:20:00,15:55:00,yes,no,,,,,,
2019-07-10,5278,15:31:00,15:40:00,16:45:00,,no,,,,,,
2019-07-10,6710,16:43:00,16:45:00,18:10:00,yes,no,,,,,,
2019-07-10,6191,16:48:00,17:20:00,18:00:00,yes,yes,,,,,,
2019-07-10,5332,17:19:00,17:27:00,19:20:00,yes,yes,,,,,,
2019-07-10,6242,17:22:00,15:30:00,20:40:00,no,no,no,,,,,
2019-07-10,5439,18:32:00,19:08:00,19:10:00,yes,no,,,,,,
2019-07-10,5286,18:57:00,19:00:00,19:45:00,yes,no,,,,,,
2019-07-10,6797,19:05:00,19:10:00,00:00:00,yes,no,,,,,,
2019-07-10,5325,19:10:00,19:16:00,,no,no,no,,,,,
2019-07-10,6947,19:20:00,20:00:00,20:15:00,yes,no,,,,,,
2019-07-10,5474,19:28:00,20:05:00,20:20:00,no,no,no,,,,,
2019-07-10,6716,20:02:00,20:42:00,21:00:00,yes,no,,,,,,
2019-07-10,5303,20:02:00,20:43:00,21:15:00,no,no,no,,,,,
2019-07-10,5342,21:00:00,21:00:00,21:30:00,no,yes,no,,,,,
2019-07-10,5010,21:05:00,21:05:00,00:05:00,,no,,,,,,
2019-07-11,6716,08:00:00,08:40:00,10:00:00,no,yes,no,,,,,
2019-07-11,6210,09:25:00,09:30:00,11:00:00,no,no,no,,,,,
2019-07-11,5278,09:49:00,09:50:00,10:00:00,no,no,no,,,,,
2019-07-11,6797,09:51:00,10:10:00,12:10:00,no,yes,no,,,,,
2019-07-11,6698,11:20:00,11:30:00,12:45:00,no,no,no,,,,,
2019-07-11,6776,11:21:00,11:25:00,12:25:00,no,no,no,,,,,
2019-07-11,5278,13:00:00,13:10:00,16:14:00,no,yes,no,,,,,
2019-07-11,5405,13:35:00,13:35:00,14:00:00,no,no,no,,,,,
2019-07-11,6245,13:50:00,14:10:00,14:36:00,no,yes,no,,,,,
2019-07-11,6898,14:00:00,14:10:00,15:30:00,no,no,no,,,,,
2019-07-11,6131,14:05:00,14:50:00,16:22:00,no,no,no,,,,,
2019-07-11,6886,14:10:00,14:40:00,16:26:00,no,no,no,,,,,
2019-07-11,5318,15:03:00,15:30:00,17:30:00,yes,no,,,,,,
2019-07-11,6880,15:05:00,16:00:00,17:00:00,yes,no,,,,,,
2019-07-11,5469,16:08:00,16:10:00,17:30:00,yes,no,,,,,,
2019-07-11,6716,16:34:00,17:20:00,18:00:00,yes,no,,,,,,
2019-07-11,5330,16:38:00,,17:00,yes,yes,,,,,,
2019-07-11,5492,16:35:00,16:43:00,16:55:00,no,no,no,,,,,
2019-07-11,6132,16:51:00,16:55:00,17:20:00,yes,no,,,,,,
2019-07-11,5036,16:55:00,17:30:00,18:21:00,no,no,no,,,,,
2019-07-11,6943,17:00:00,18:00:00,19:30:00,yes,yes,,,,,,
2019-07-11,6189,17:03:00,17:05:00,18:00:00,yes,no,,,,,,
2019-07-11,5327,17:17:00,18:30:00,19:15:00,yes,no,,,,,,
2019-07-11,6781,17:23:00,19:50:00,20:45:00,yes,no,,,,,,
2019-07-11,5496,17:30:00,17:31:00,18:25:00,no,no,no,,,,,
2019-07-11,5472,17:43:00,18:30:00,19:40:00,yes,no,,,,,,
2019-07-11,5280,18:00:00,18:40:00,20:20:00,yes,yes,,,,,,
2019-07-11,5427,18:00:00,18:40:00,19:30:00,yes,yes,,,,,,
2019-07-11,6248,18:19:00,19:00:00,19:40:00,yes,no,,,,,,
2019-07-11,5297,18:50:00,,19:10:00,yes,yes,,,,,,
2019-07-11,5343,19:03:00,,21:05:00,yes,no,,,,,,
2019-07-11,5333,19:30:00,20:30:00,21:29:00,yes,no,,,,,,
2019-07-11,5295,19:38:00,21:20:00,22:50:00,yes,no,,,,,,
2019-07-11,6710,21:50:00,23:30:00,00:30:00,yes,no,,,,,,
2019-07-11,5017,22:00:00,22:13:00,23:55:00,no,no,no,,,,,
2019-07-12,5416,06:40:00,08:43:00,09:30:00,yes,no,,,,,,
2019-07-12,5046,07:00:00,09:10:00,09:38:00,yes,no,,,,,,
2019-07-12,5330,07:40:00,09:20:00,11:40:00,yes,yes,,,,,,
2019-07-12,5019,07:30:00,07:40:00,09:10:00,yes,yes,,,,,,
2019-07-12,5325,07:54:00,10:52:00,12:10:00,yes,no,,,,,,
2019-07-12,5488,08:25:00,11:35:00,13:20:00,yes,no,,,,,,
2019-07-12,6947,09:04:00,11:35:00,14:30:00,yes,no,,,,,,
2019-07-12,5327,09:32:00,09:50:00,13:30:00,yes,no,,,,,,
2019-07-12,6192,09:46:00,09:47:00,10:30:00,yes,yes,,,,,,
2019-07-12,5043,09:47:00,10:06:00,10:20:00,no,no,no,,,,,
2019-07-12,6776,10:18:00,10:20:00,11:00:00,yes,yes,,,,,,
2019-07-12,5475,11:27:00,12:00:00,13:30:00,yes,no,,,,,,
2019-07-12,6716,12:23:00,13:30:00,14:20:00,yes,no,,,,,,
2019-07-12,5319,12:58:00,13:00:00,16:00:00,yes,no,,,,,,
2019-07-12,5388,14:20:00,14:55:00,17:55:00,yes,yes,,,,,,
2019-07-12,5302,14:22:00,14:30:00,18:00:00,yes,no,,,,,,
2019-07-12,5376,14:31:00,14:35:00,,yes,no,,,,,,
2019-07-12,5486,14:32:00,14:34:00,20:00:00,,no,,,,,,
2019-07-12,5327,14:45:00,14:51:00,15:00:00,,no,,,,,,
2019-07-12,5371,14:55:00,15:35:00,15:50:00,yes,yes,,,,,,
2019-07-12,5335,15:13:00,16:25:00,16:56:00,yes,yes,,,,,,
2019-07-12,6708,16:22:00,,20:10:00,yes,no,,,,,,
2019-07-12,5034,17:19:00,17:35:00,17:35:00,,no,,,,,,
2019-07-12,5422,17:30:00,18:00:00,19:35:00,,no,,,,,,
2019-07-12,6709,17:50:00,18:00:00,19:30:00,,no,,,,,,
2019-07-12,5342,,18:00:00,21:00:00,,,,,,,,
2019-07-12,5496,18:50:00,18:50:00,19:10:00,,yes,,,,,,
2019-07-12,5325,19:00:00,19:00:00,00:30:00,,no,,,,,,
2019-07-12,5378,19:00:00,,21:30:00,,no,,,,,,
2019-07-12,6943,20:10:00,21:43:00,01:25:00,,yes,,,,,,
2019-07-12,5032,20:24:00,21:44:00,23:00:00,,no,,,,,,
2019-07-12,5308,,22:00:00,22:05:00,b/2,,,,,,,
2019-07-12,6242,,21:30:00,21:35:00,no,,no,,,,,
2019-07-12,5372,,22:20:00,22:55:00,b/2,,,,,,,
2019-07-12,5258,22:35:00,22:53:00,,b/2,no,,,,,,
2019-07-12,6878,23:14:00,23:30:00,00:35:00,b/2,no,,,,,,
2019-07-12,5342,23:44:00,23:51:00,01:25:00,b/2,no,,,,,,
2019-07-13,5494,08:00:00,08:30:00,10:00:00,no,no,no,,,,,
2019-07-13,6946,08:10:00,08:20:00,09:36:00,no,no,no,,,,,
2019-07-13,5389,08:10:00,08:30:00,09:45:00,no,no,no,,,,,
2019-07-13,6243,08:35:00,08:45:00,10:35:00,no,no,no,,,,,
2019-07-13,5017,08:41:00,11:25:00,14:20:00,no,no,no,,,,,
2019-07-13,5486,08:45:00,09:20:00,10:20:00,no,no,no,,,,,
2019-07-13,6132,09:45:00,09:50:00,11:00:00,no,no,no,,,,,
2019-07-13,5280,09:52:00,10:00:00,10:50:00,no,no,no,,,,,
2019-07-13,5276,10:00:00,10:52:00,11:50:00,no,no,no,,,,,
2019-07-13,5474,10:05:00,10:20:00,12:20:00,no,no,no,,,,,
2019-07-13,6947,10:27:00,12:00:00,,no,no,no,,,,,
2019-07-13,5475,10:55:00,11:00:00,12:00:00,no,no,no,,,,,
2019-07-13,5371,11:20:00,11:25:00,12:20:00,no,no,no,,,,,
2019-07-13,5436,11:25:00,11:55:00,13:00:00,no,no,no,,,,,
2019-07-13,6698,11:31:00,11:35:00,13:20:00,no,no,no,,,,,
2019-07-13,5422,12:40:00,13:10:00,15:00:00,no,no,no,,,,,
2019-07-13,5282,13:20:00,13:25:00,14:20:00,no,no,no,,,,,
2019-07-13,5388,13:25:00,13:30:00,16:46:00,no,no,no,,,,,
2019-07-13,5374,14:25:00,14:40:00,15:30:00,no,no,no,,,,,
2019-07-13,6248,14:35:00,14:55:00,15:35:00,no,no,no,,,,,
2019-07-13,6213,14:50:00,14:55:00,20:00:00,no,no,no,,,,,
2019-07-13,5473,15:00:00,15:00:00,15:15:00,yes,no,,,,,,
2019-07-13,5262,15:20:00,15:21:00,15:48:00,yes,no,,,,,,
2019-07-13,5416,15:21:00,16:20:00,16:50:00,no,no,no,,,,,
2019-07-13,5471,15:22:00,15:22:00,15:35:00,yes,no,,,,,,
2019-07-13,5385,15:33:00,16:00:00,17:10:00,yes,no,,,,,,
2019-07-13,5467,15:40:00,16:00:00,18:05:00,yes,no,,,,,,
2019-07-13,5249,17:02:00,17:25:00,18:00:00,no,no,no,,,,,
2019-07-13,6187,17:33:00,17:40:00,18:00:00,yes,no,,,,,,
2019-07-13,5335,17:50:00,17:52:00,18:45:00,yes,yes,,,,,,
2019-07-13,5013,17:57:00,18:30:00,18:48:00,,no,,,,,,
2019-07-13,5341,18:11:00,18:40:00,17:15:00,no,no,no,,,,,
2019-07-13,5608,18:34:00,18:35:00,19:25:00,yes,no,,,,,,
2019-07-13,6132,18:45:00,19:00:00,19:45:00,yes,yes,,,,,,
2019-07-13,6203,19:00:00,19:01:00,19:40:00,yes,no,,,,,,
2019-07-13,5390,19:00:00,20:35:00,21:40:00,yes,yes,,,,,,
2019-07-13,5423,19:06:00,19:10:00,20:10:00,no,no,no,,,,,
2019-07-13,5605,19:12:00,,20:00:00,yes,no,,,,,,
2019-07-13,5496,19:40:00,,20:15:00,yes,no,,,,,,
2019-07-13,5472,19:52:00,20:35:00,20:39:00,yes,yes,,,,,,
2019-07-13,5333,20:40:00,20:40:00,20:47:00,yes,yes,,,,,,
2019-07-13,5327,20:40:00,21:00:00,23:00:00,no,no,no,,,,,
2019-07-13,5386,21:03:00,21:04:00,00:10:00,yes,no,,,,,,
2019-07-13,5276,21:14:00,21:20:00,21:45:00,no,no,no,,,,,
2019-07-13,5331,22:05:00,22:05:00,23:00:00,yes,no,,,,,,
2019-07-13,6210,22:25:00,22:30:00,23:15:00,yes,no,,,,,,
2019-07-14,5473,06:37:00,06:50:00,8:00,yes,no,,,,,,
2019-07-14,5385,07:22:00,12:32:00,,,no,,,,,,
2019-07-14,5282,07:56:00,08:00:00,12:00:00,no,no,no,,,,,
2019-07-14,6890,08:25:00,10:00:00,11:17:00,yes,yes,,,,,,
2019-07-14,5295,08:38:00,08:30:00,10:00:00,yes,no,,,,,,
2019-07-14,5249,08:15:00,08:30:00,08:30:00,no,no,no,,,,,
2019-07-14,5046,10:00:00,10:10:00,,no,no,no,,,,,
2019-07-14,6886,10:50:00,12:00:00,12:45:00,,no,,,,,,
2019-07-14,6792,11:21:00,11:23:00,12:00:00,yes,yes,,,,,,
2019-07-14,6792,13:00:00,14:00:00,16:40:00,yes,yes,,,,,,
2019-07-14,5404,12:01:00,13:00:00,13:50:00,,no,,,,,,
2019-07-14,6203,12:07:00,12:10:00,14:18:00,yes,no,,,,,,
2019-07-14,6190,12:16:00,12:20:00,14:20:00,yes,no,,,,,,
2019-07-14,6898,12:58:00,13:50:00,16:00:00,yes,yes,,,,,,
2019-07-14,6797,13:06:00,13:50:00,15:41:00,yes,yes,,,,,,
2019-07-14,5414,14:13:00,14:21:00,15:00,yes,yes,,,,,,
2019-07-14,5338,14:17:00,14:40:00,18:15:00,yes,no,,,,,,
2019-07-14,5385,14:43:00,14:45:00,15:20:00,no,no,no,,,,,
2019-07-14,6131,15:00:00,16:00:00,18:00:00,,no,,,,,,
2019-07-14,6468,15:23:00,15:30:00,15:30:00,,no,,,,,,
2019-07-14,5386,15:33:00,15:35:00,15:36:00,no,no,no,,,,,
2019-07-14,5488,15:56:00,16:20:00,17:45:00,,yes,,,,,,
2019-07-14,5330,16:17:00,16:40:00,18:40:00,no,no,no,,,,,
2019-07-14,5607,17:26:00,17:50:00,19:00:00,,yes,,,,,,
2019-07-14,6879,17:48:00,17:50:00,18:10:00,,no,,,,,,
2019-07-14,5382,18:53:00,19:00:00,19:50:00,,yes,,,,,,
2019-07-14,6190,19:35:00,20:40:00,,,no,,,,,,
2019-07-14,5343,19:37:00,20:05:00,21:30:00,,no,,,,,,
2019-07-14,5327,21:02:00,21:22:00,21:38:00,,no,,,,,,
2019-07-14,5423,21:10:00,21:40:00,22:40:00,,no,,,,,,
2019-07-14,5333,21:44:00,22:10:00,23:00:00,,no,,,,,,
2019-07-15,5046,07:14:00,08:00:00,09:58:00,yes,no,,,,,,
2019-07-15,5372,07:44:00,09:20:00,10:21:00,yes,no,,,,,,
2019-07-15,5034,07:56:00,08:00:00,09:30:00,yes,no,,,,,,
2019-07-15,6247,08:36:00,10:40:00,13:50:00,yes,yes,,,,,,
2019-07-15,6135,09:01:00,09:30:00,10:35:00,yes,yes,,,,,,
2019-07-15,6788,09:03:00,09:10:00,10:00:00,yes,no,,,,,,
2019-07-15,5413,09:30:00,10:49:00,12:05:00,yes,no,,,,,,
2019-07-15,5413,13:00:00,13:30:00,13:06:00,yes,yes,,,,,,
2019-07-15,5017,09:42:00,09:45:00,10:20:00,yes,no,,,,,,
2019-07-15,5019,10:19:00,11:37:00,13:06:00,yes,yes,,,,,,
2019-07-15,5333,10:51:00,10:51:00,11:30:00,yes,no,,,,,,
2019-07-15,6881,11:00:00,11:10:00,12:02:00,no,no,no,,,,,
2019-07-15,5150,11:24:00,13:00:00,13:20:00,no,no,no,,,,,
2019-07-15,5258,11:55:00,12:10:00,,yes,yes,,,,,,
2019-07-15,6776,12:32:00,13:00:00,14:00:00,yes,yes,,,,,,
2019-07-15,5404,12:43:00,12:45:00,14:10:00,yes,no,,,,,,
2019-07-15,5322,13:48:00,16:01:00,16:02:00,no,no,no,16:21:00,,,,
2019-07-15,5342,14:37:00,15:00:00,16:15:00,,yes,,,,,,
2019-07-15,6788,14:39:00,14:40:00,16:36:00,yes,no,,,,,,
2019-07-15,5330,15:17:00,16:05:00,16:35:00,,no,,,,,,
2019-07-15,5323,15:19:00,15:35:00,18:20:00,,yes,,,,,,
2019-07-15,6879,15:30:00,15:31:00,16:48:00,,yes,,,,,,
2019-07-15,6134,15:42:00,15:55:00,16:45:00,,no,,,,,,
2019-07-15,5469,16:11:00,16:21:00,15:20:00,,yes,,,,,,
2019-07-15,5475,16:18:00,16:25:00,15:50:00,,no,,,,,,
2019-07-15,5020,16:24:00,16:25:00,18:30:00,,yes,,,,,,
2019-07-15,5324,16:46:00,17:00:00,17:00:00,,no,,,,,,
2019-07-15,5404,17:45:00,17:00:00,18:30:00,,no,,,,,,
2019-07-15,6880,18:10:00,18:12:00,18:22:00,,no,,,,,,
2019-07-15,5327,19:11:00,19:15:00,21:10:00,,yes,,,,,,
2019-07-15,5299,19:17:00,19:20:00,20:30:00,,no,,,,,,
2019-07-15,5423,19:17:00,19:20:00,20:18:00,no,yes,no,,,,,
2019-07-15,5248,19:30:00,19:30:00,20:00:00,,yes,,,,,,
2019-07-15,6247,20:15:00,21:00:00,,,no,,,,,,
2019-07-15,5032,20:48:00,21:00:00,,,no,,,,,,
2019-07-15,6884,21:19:00,21:20:00,21:25:00,,no,,,,,,
2019-07-15,5468,21:21:00,21:30:00,23:15:00,,yes,,,,,,
2019-07-15,5307,21:26:00,21:30:00,23:00:00,,no,,,,,,
2019-07-15,6189,21:44:00,21:46:00,22:00:00,,no,,,,,,
2019-07-15,5258,21:49:00,21:53:00,,,no,,,,,,
2019-07-15,6887,21:50:00,22:50:00,23:30:00,,yes,,,,,,
2019-07-15,6945,22:02:00,22:40:00,,,no,,,,,,
2019-07-16,5405,09:29:00,09:40:00,11:40:00,,no,,,,,,
2019-07-16,5279,09:36:00,09:40:00,11:30:00,,no,,,,,,
2019-07-16,5283,10:00:00,10:10:00,10:40:00,,no,,,,,,
2019-07-16,6797,10:22:00,10:30:00,11:10:00,,yes,,,,,,
2019-07-16,5385,11:10:00,11:10:00,12:00:00,,no,,,,,,
2019-07-16,5035,11:12:00,11:20:00,12:00:00,,no,,,,,,
2019-07-16,5248,11:18:00,11:30:00,12:00:00,,no,,,,,,
2019-07-16,5426,11:49:00,11:50:00,13:55:00,,no,,,,,,
2019-07-16,5429,12:54:00,12:56:00,13:41:00,,no,,,,,,
2019-07-16,5395,13:16:00,13:36:00,14:20:00,,no,,,,,,
2019-07-16,5392,,,,,,,,,,,
2019-07-16,6123,13:35:00,13:40:00,16:00:00,,no,,,,,,
2019-07-16,5320,13:47:00,13:48:00,13:55:00,,no,,,,,,
2019-07-16,5392,13:50:00,14:00:00,14:30:00,,no,,,,,,
2019-07-16,5032,14:05:00,14:30:00,15:36:00,,no,,,,,,
2019-07-16,6247,14:05:00,14:20:00,16:45:00,,no,,,,,,
2019-07-16,6885,14:10:00,14:24:00,15:15:00,,yes,,,,,,
2019-07-16,5409,14:40:00,14:50:00,16:10:00,,no,,,,,,
2019-07-16,6883,15:05:00,16:00:00,17:00:00,,no,,,,,,
2019-07-16,6713,15:14:00,15:25:00,16:50:00,,no,,,,,,
2019-07-16,6245,15:14:00,16:23:00,17:30:00,,no,,,,,,
2019-07-16,6127,15:26:00,16:00:00,17:00:00,,no,,,,,,
2019-07-16,5431,15:30:00,16:00:00,18:35:00,,no,,,,,,
2019-07-16,6124,15:46:00,15:48:00,16:35:00,,yes,,,,,,
2019-07-16,5384,15:53:00,16:00:00,16:40:00,,no,,,,,,
2019-07-16,6131,16:00:00,16:35:00,16:50:00,,no,,,,,,
2019-07-16,5376,16:30:00,17:00:00,18:00:00,,no,,,,,,
2019-07-16,6885,16:32:00,16:35:00,17:00:00,,no,,,,,,
2019-07-16,5332,17:24:00,17:58:00,19:20:00,,no,,,,,,
2019-07-16,6799,17:25:00,17:52:00,18:41:00,,yes,,,,,,
2019-07-16,6880,17:33:00,17:35:00,17:44:00,,no,,,,,,
2019-07-16,5257,17:34:00,17:40:00,20:20:00,,yes,,,,,,
2019-07-16,6887,18:11:00,19:12:00,20:40:00,,yes,,,,,,
2019-07-16,5443,18;15:00,18:20:00,18:40:00,,,,,,,,
2019-07-16,5331,20:10:00,,,,no,,,,,,
2019-07-16,5492,20:34:00,,,,no,,,,,,
2019-07-16,5475,20:38:00,,,,yes,,,,,,
2019-07-16,5437,21:00:00,,,,no,,,,,,
2019-07-16,5298,21:50:00,,,,no,,,,,,
2019-07-16,5413,23:47:00,,,,no,,,,,,
2019-07-17,5322,06:41:00,,,no,no,no,,,,,
2019-07-17,5020,07:15:00,07:20:00,07:50:00,yes,yes,,,,,,
2019-07-17,5373,07:26:00,07:30:00,08:30:00,yes,no,,,,,,
2019-07-17,6788,07:27:00,07:30:00,09:18:00,yes,no,,,,,,
2019-07-17,5392,08:33:00,09:00:00,11:03:00,no,no,no,,,,,
2019-07-17,5010,08:37:00,11:45:00,13:50:00,yes,no,,,,,,
2019-07-17,6245,08:34:00,09:35:00,11:30:00,no,no,no,,,,,
2019-07-17,5473,09:35:00,10:00:00,11:00:00,yes,yes,,,,,,
2019-07-17,5424,10:00:00,12:00:00,13:00:00,yes,no,,,,,,
2019-07-17,6207,10:01:00,,10:30:00,no,no,no,,,,,
2019-07-17,5021,10:10:00,10:20:00,12:00:00,yes,no,,,,,,
2019-07-17,5297,10:20:00,,11:00:00,yes,no,,,,,,
2019-07-17,5335,11:40:00,13:30:00,14:50:00,yes,yes,,,,,,
2019-07-17,6241,12:00:00,12:04:00,14:00:00,yes,no,,,,,,
2019-07-17,5279,12:18:00,12:20:00,13:50:00,,no,,,,,,
2019-07-17,5416,12:42:00,13:50:00,15:00:00,,no,,,,,,
2019-07-17,5318,13:39:00,14:10:00,15:52:00,,no,,,,,,
2019-07-17,5284,14:00:00,14:10:00,,yes,no,,,,,,
2019-07-17,6127,14:10:00,14:13:00,14:40:00,yes,no,,,,,,
2019-07-17,5017,14:11:00,14:13:00,15:00:00,yes,no,,,,,,
2019-07-17,5389,14:23:00,16:30:00,17:40:00,yes,yes,,,,,,
2019-07-17,5425,14:32:00,,,yes,no,,,,,,
2019-07-17,6799,14:47:00,14:48:00,17:15:00,yes,yes,,,,,,
2019-07-17,6781,15:10:00,16:00:00,17:15:00,,no,,,,,,
2019-07-17,5486,15:27:00,16:03:00,17:30:00,no,yes,no,,,,,
2019-07-17,5034,15:55:00,16:00:00,17:15:00,no,no,no,,,,,
2019-07-17,5386,16:18:00,16:30:00,18:04:00,no,yes,no,,,,,
2019-07-17,6709,16:26:00,16:31:00,18:30:00,no,yes,no,,,,,
2019-07-17,5373,18:44:00,17:10:00,17:45:00,,no,,,,,,
2019-07-17,5384,16:59:00,17:10:00,19:20:00,,no,,,,,,
2019-07-17,6247,17:09:00,17:15:00,17:20:00,,no,,,,,,
2019-07-17,5431,17:24:00,17:46:00,19:42:00,,no,,,,,,
2019-07-17,5332,17:40:00,17:42:00,19:42:00,,yes,,,,,,
2019-07-17,6245,17:52:00,18:00:00,,,yes,,,,,,
2019-07-17,6128,17:57:00,18:25:00,19:10:00,,no,,,,,,
2019-07-17,5251,19:04:00,19:10:00,19:20:00,,yes,,,,,,
2019-07-17,5408,19:45:00,19:51:00,20:30:00,,no,,,,,,
2019-07-17,5277,19:50:00,20:00:00,20:20:00,,no,,,,,,
2019-07-17,5426,20:07:00,20:20:00,23:00:00,,no,,,,,,
2019-07-17,5336,20:26:00,21:00:00,22:00:00,,no,,,,,,
2019-07-17,5327,20:44:00,21:24:00,22:00:00,,yes,,,,,,
2019-07-17,5409,21:20:00,21:24:00,23:45:00,,no,,,,,,
2019-07-17,5375,21:30:00,21:30:00,23:12:00,,no,,,,,,
2019-07-17,6241,23:01:00,23:05:00,23:40:00,,no,,,,,,
2019-07-18,5374,05:57:00,07:00:00,08:45:00,yes,no,,,,,,
2019-07-18,6235,06:26:00,07:20:00,08:00:00,yes,no,,,,,,
2019-07-18,5431,07:29:00,08:00:00,10:00:00,yes,no,,,,,,
2019-07-18,6133,07:30:00,07:34:00,08:16:00,yes,no,,,,,,
2019-07-18,5377,08:00:00,08:30:00,09:00:00,yes,yes,,,,,,
2019-07-18,5282,08:29:00,08:30:00,09:30:00,no,no,no,,,,,
2019-07-18,5339,09:09:00,11:45:00,12:10:00,no,no,no,,,,,
2019-07-18,5278,10:32:00,10:46:00,11:10:00,no,no,no,,,,,
2019-07-18,6443,10:42:00,10:55:00,12:45:00,yes,no,,,,,,
2019-07-18,6776,11:38:00,,12:40:00,no,no,no,,,,,
2019-07-18,6125,13:14:00,14:55:00,16:46:00,yes,no,,,,,,
2019-07-18,6709,14:17:00,14:55:00,17:14:00,yes,no,,,,,,
2019-07-18,6881,14:18:00,14:20:00,14:25:00,yes,yes,,,,,,
2019-07-18,5375,14:36:00,14:50:00,15:30:00,yes,no,,,,,,
2019-07-18,6134,15:29:00,15:30:00,16:20:00,,no,,,,,,
2019-07-18,5258,15:34:00,15:35:00,16:05:00,,no,,,,,,
2019-07-18,6881,15:38:00,15:40:00,16:24:00,,yes,,,,,,
2019-07-18,5032,16:32:00,16:35:00,17:35:00,no,no,no,,,,,
2019-07-18,5012,14:49:00,17:00:00,18:15:00,no,no,no,,,,,
2019-07-18,5017,17:10:00,17:10:00,18:20:00,yes,no,,,,,,
2019-07-18,5468,17:33:00,17:35:00,19:40:00,no,no,no,,,,,
2019-07-18,5284,17:42:00,17:45:00,19:30:00,no,no,no,,,,,
2019-07-18,6883,18:01:00,18:10:00,18:16:00,,no,,,,,,
2019-07-18,6192,18:24:00,18:30:00,19:10:00,,no,,,,,,
2019-07-18,6446,18:32:00,18:35:00,19:23:00,,yes,,,,,,
2019-07-18,5017,18:52:00,18:52:00,20:35:00,,no,,,,,,
2019-07-18,6241,19:25:00,19:30:00,20:15:00,,yes,,,,,,
2019-07-18,5306,19:28:00,19:35:00,19:35:00,,no,,,,,,
2019-07-18,5286,19:29:00,19:48:00,20:15:00,,no,,,,,,
2019-07-18,5306,19:57:00,20:00:00,20:00:00,,no,,,,,,
2019-07-18,6893,20:30:00,20:31:00,22:00:00,,no,,,,,,
2019-07-18,5323,20:57:00,21:30:00,23:38:00,,yes,,,,,,
2019-07-18,5494,21:30:00,21:32:00,23:00:00,,no,,,,,,
2019-07-18,6131,23:04:00,23:05:00,23:59:00,,no,,,,,,
2019-07-18,6878,23:05:00,23:10:00,23:59:00,,no,,,,,,
2019-07-19,6893,06:25:00,06:40:00,07:30:00,yes,no,,,,,,
2019-07-19,6893,09:30:00,09:30:00,09:50:00,yes,no,,,,,,
2019-07-19,5388,06:32:00,07:30:00,09:30:00,yes,yes,,,,,,
2019-07-19,5476,08:07:00,08:10:00,10:30:00,yes,no,,,,,,
2019-07-19,5279,08:48:00,09:00:00,09:45:00,yes,no,,,,,,
2019-07-19,5605,09:23:00,09:23:00,10:30:00,no,no,no,,,,,
2019-07-19,5414,09:18:00,09:20:00,10:15:00,yes,no,,,,,,
2019-07-19,5436,09:02:00,10:00:00,11:40:00,yes,no,,,,,,
2019-07-19,5436,12:00:00,12:25:00,13:00:00,yes,no,,,,,,
2019-07-19,6892,10:02:00,10:30:00,14:00:00,yes,no,,,,,,
2019-07-19,5385,10:05:00,10:42:00,12:54:00,yes,no,,,,,,
2019-07-19,6347,10:10:00,10:40:00,11:40:00,yes,no,,,,,,
2019-07-19,6886,10:12:00,10:12:00,12:00:00,no,yes,no,,,,,
2019-07-19,6207,10:13:00,10:35:00,12:00:00,yes,no,,,,,,
2019-07-19,6131,10:23:00,10:45:00,11:00:00,no,no,no,,,,,
2019-07-19,5282,10:31:00,10:40:00,11:30:00,no,no,no,,,,,
2019-07-19,6899,11:00:00,11:17:00,12:20:00,yes,no,,,,,,
2019-07-19,6717,11:30:00,12:00:00,13:00:00,yes,no,,,,,,
2019-07-19,5331,11:43:00,12:00:00,12:20:00,yes,no,,,,,,
2019-07-19,0040,12:12:00,12:13:00,14:00:00,no,yes,no,,,,,
2019-07-19,6124,13:00:00,14:00:00,15:00:00,yes,no,,,,,,
2019-07-19,5422,13:30:00,13:31:00,13:40:00,yes,no,,,,,,
2019-07-19,5410,13:54:00,15:44:00,18:35:00,yes,yes,,,,,,
2019-07-19,5378,13:55:00,14:25:00,15:40:00,yes,yes,,,,,,
2019-07-19,5470,14:11:00,14:12:00,14:40:00,yes,no,,,,,,
2019-07-19,5260,14:50:00,15:14:00,16:00:00,yes,no,,,,,,
2019-07-19,5386,15:41:00,17:00:00,18:00:00,yes,no,,,,,,
2019-07-19,6781,16:12:00,16:21:00,19:10:00,,yes,,,,,,
2019-07-19,6415,16:15:00,16:20:00,17:54:00,,no,,,,,,
2019-07-19,6776,16:37:00,16:42:00,18:30:00,,no,,,,,,
2019-07-19,6236,16:49:00,16:56:00,18:50:00,,yes,,,,,,
2019-07-19,5385,16:48:00,17:01:00,18:20:00,,no,,,,,,
2019-07-19,6799,17:15:00,17:20:00,18:10:00,,no,,,,,,
2019-07-19,6784,17:30:00,17:31:00,19:00:00,,yes,,,,,,
2019-07-19,5261,17:43:00,18:14:00,19:45:00,,no,,,,,,
2019-07-19,5010,17:53:00,18:00:00,18:47:00,,no,,,,,,
2019-07-19,5302,18:00:00,18:02:00,18:10:00,,no,,,,,,
2019-07-19,5605,18:12:00,18:30:00,20:00:00,,yes,,,,,,
2019-07-19,5320,18:55:00,18:32:00,20:40:00,,yes,,,,,,
2019-07-19,5474,18:58:00,19:00:00,19:40:00,,yes,,,,,,
2019-07-19,5046,19:10:00,19:15:00,20:00:00,,yes,,,,,,
2019-07-19,5470,19:16:00,19:46:00,20:33:00,,yes,,,,,,
2019-07-19,5468,19:34:00,19:40:00,22:40:00,no,no,no,,,,,
2019-07-19,6716,19:36:00,19:50:00,20:00:00,,no,,,,,,
2019-07-19,5302,19:44:00,20:30:00,21:42:00,,no,,,,,,
2019-07-19,5426,20:11:00,20:12:00,22:00:00,,no,,,,,,
2019-07-19,5335,20:38:00,21:20:00,22:50:00,,no,,,,,,
2019-07-19,5307,20:56:00,21:02:00,23:00:00,,yes,,,,,,
2019-07-19,5043,21:26:00,21:30:00,21:40:00,,yes,,,,,,
2019-07-19,5607,21:57:00,21:58:00,22:05:00,,no,,,,,,
2019-07-19,6787,23:37:00,23:45:00,23:59:00,,no,,,,,,
2019-07-19,5312,23:40:00,23:50:00,23:59:00,,no,,,,,,
2019-07-20,5308,07:47:00,08:30:00,10:30:00,yes,no,yes,,,,,
2019-07-20,6787,07:50:00,09:30:00,11:00:00,yes,no,yes,,,,,
2019-07-20,6797,08:00:00,08:02:00,09:30:00,yes,yes,yes,,,,,
2019-07-20,5440,08:14:00,09:30:00,11:40:00,yes,yes,yes,,,,,
2019-07-20,6124,08:50:00,09:10:00,10:20:00,yes,no,yes,,,,,
2019-07-20,6943,08:54:00,09:30:00,10:33:00,-,yes,-,,,,,
2019-07-20,6885,10:00:00,11:00:00,13:55:00,yes,yes,no,,,,,
2019-07-20,5414,10:05:00,10:13:00,11:06:00,yes,no,yes,,,,,
2019-07-20,5413,10:11:00,10:30:00,13:45:00,yes,no,no,,,,,
2019-07-20,5384,10:27:00,11:00:00,11:55:00,yes,yes,no,,,,,
2019-07-20,5009,10:38:00,11:00:00,12:00:00,yes,no,,,,,,
2019-07-20,5020,11:03:00,11:30:00,12:00:00,yes,yes,,,,,,
2019-07-20,5416,12:00:00,12:05:00,12:26:00,yes,yes,,,,,,
2019-07-20,5302,13:27:00,13:30:00,13:40:00,yes,no,,,,,,
2019-07-20,6181,14:16:00,14:16:00,16:00:00,no,no,no,,,,,
2019-07-20,6710,14:48:00,15:21:00,16:10:00,no,no,no,,,,,
2019-07-20,6944,15:00:00,16:00:00,18:16:00,yes,no,,,,,,
2019-07-20,6236,15:01:00,15:10:00,16:40:00,no,no,no,,,,,
2019-07-20,5496,15:34:00,15:40:00,18:00:00,yes,no,,,,,,
2019-07-20,5019,15:47:00,16:00:00,17:30:00,yes,no,,,,,,
2019-07-20,5293,15:48:00,16:01:00,17:30:00,yes,no,,,,,,
2019-07-20,5013,16:59:00,16:05:00,16:30:00,yes,no,,,,,,
2019-07-20,6716,16:24:00,17:35:00,17:10:00,yes,no,,,,,,
2019-07-20,5330,16:27:00,16:30:00,18:00:00,no,no,no,,,,,
2019-07-20,5302,16:36:00,16:40:00,18:20:00,no,yes,no,,,,,
2019-07-20,5324,16:46:00,17:00:00,18:00:00,yes,no,,,,,,
2019-07-20,5046,16:49:00,17:50:00,18:20:00,yes,no,,,,,,
2019-07-20,6241,17:01:00,18:00:00,18:15:00,yes,no,,,,,,
2019-07-20,5032,17:20:00,17:30:00,19:30:00,no,no,no,,,,,
2019-07-20,5020,17:45:00,18:15:00,19:30:00,no,no,no,,,,,
2019-07-20,5475,17:47:00,18:15:00,18:40:00,yes,yes,,,,,,
2019-07-20,6946,19:10:00,19:15:00,20:15:00,no,yes,no,,,,,
2019-07-20,6127,19:50:00,19:52:00,20:30:00,yes,yes,,,,,,
2019-07-20,5341,20:12:00,20:15:00,21:00:00,yes,no,,,,,,
2019-07-20,5424,20:24:00,20:30:00,20:58:00,no,no,no,,,,,
2019-07-20,5488,20:35:00,21:00:00,23:00:00,yes,yes,,,,,,
2019-07-20,5382,20:50:00,21:10:00,23:00:00,no,yes,no,,,,,
2019-07-20,5409,20:51:00,21:00:00,23:00:00,no,no,no,,,,,
2019-07-20,6793,21:35:00,21:40:00,22:15:00,no,no,no,,,,,
2019-07-20,6784,21:57:00,22:00:00,22:00:00,yes,no,,,,,,
2019-07-20,6134,22:10:00,22:20:00,20:29:00,yes,no,,,,,,
2019-07-20,5036,22:46:00,23:10:00,23:45:00,yes,no,,,,,,
2019-07-21,5360,08:23:00,08:30:00,10:45:00,yes,no,,,,,,
2019-07-21,5441,08:24:00,08:40:00,09:10:00,no,no,no,,,,,
2019-07-21,6132,09:01:00,09:30:00,12:30:00,yes,no,,,,,,
2019-07-21,6210,09:25:00,09:30:00,10:16:00,no,no,no,,,,,
2019-07-21,5281,09:26:00,09:27:00,09:50:00,no,no,no,,,,,
2019-07-21,6781,09:30:00,09:30:00,12:00:00,yes,no,,,,,,
2019-07-21,0039,09:34:00,09:40:00,10:40:00,no,no,no,,,,,
2019-07-21,6214,09:52:00,10:00:00,12:00:00,no,no,no,,,,,
2019-07-21,5437,10:14:00,10:20:00,10:40:00,no,yes,no,,,,,
2019-07-21,6945,10:22:00,10:40:00,11:38:00,yes,no,,,,,,
2019-07-21,6946,10:32:00,11:10:00,13:40:00,yes,no,,,,,,
2019-07-21,5469,11:01:00,11:02:00,12:30:00,yes,no,,,,,,
2019-07-21,6240,11:48:00,12:00:00,13:00:00,no,no,no,,,,,
2019-07-21,6884,12:07:00,12:30:00,13:40:00,yes,yes,,,,,,
2019-07-21,5327,12:08:00,12:20:00,12:48:00,yes,no,,,,,,
2019-07-21,5281,13:15:00,13:25:00,14:06:00,no,no,no,,,,,
2019-07-21,6204,13:39:00,14:06:00,14:20:00,no,no,no,,,,,
2019-07-21,5494,14:11:00,14:27:00,14:45:00,no,no,no,,,,,
2019-07-21,6210,14:50:00,15:00:00,15:30:00,no,no,no,,,,,
2019-07-21,5442,14:55:00,16:40:00,16:30:00,no,no,no,,,,,
2019-07-21,6133,14:56:00,15:00:00,15:20:00,no,no,no,,,,,
2019-07-21,5278,15:30:00,15:32:00,17:15:00,yes,yes,,,,,,
2019-07-21,5286,15:47:00,16:00:00,16:30:00,yes,no,,,,,,
2019-07-21,6132,15:53:00,15:54:00,16:00:00,no,no,no,,,,,
2019-07-21,5496,15:57:00,16:03:00,16:30:00,no,no,no,,,,,
2019-07-21,5605,16:18:00,17:00:00,18:00:00,no,yes,no,,,,,
2019-07-21,6779,16:43:00,17:00:00,19:30:00,yes,no,,,,,,
2019-07-21,5019,16:56:00,16:58:00,17:46:00,no,yes,no,,,,,
2019-07-21,5426,16:59:00,17:05:00,19:50:00,yes,no,,,,,,
2019-07-21,5020,17:20:00,17:25:00,18:15:00,no,no,no,,,,,
2019-07-21,6717,17:24:00,17:30:00,19:10:00,yes,yes,,,,,,
2019-07-21,5373,17:43:00,18:00:00,18:33:00,no,no,no,,,,,
2019-07-21,5318,18:14:00,18:28:00,19:00:00,no,no,no,,,,,
2019-07-21,6189,18:36:00,18:40:00,18:33:00,no,no,no,,,,,
2019-07-21,5467,18:42:00,19:00:00,19:30:00,no,no,no,,,,,
2019-07-21,6191,19:19:00,19:22:00,20:45:00,no,yes,no,,,,,
2019-07-21,5475,19:23:00,19:30:00,20:30:00,no,yes,no,,,,,
2019-07-21,5436,20:31:00,20:35:00,22:00:00,yes,no,,,,,,
2019-07-21,5302,20:48:00,21:00:00,21:10:00,no,no,no,,,,,
2019-07-21,5043,22:00:00,22:20:00,23:00:00,yes,no,,,,,,
2019-07-21,5468,21:55:00,22:20:00,22:50:00,no,yes,no,,,,,
2019-07-21,6881,22:48:00,23:00:00,23:30:00,yes,no,,,,,,
2019-07-21,5019,22:48:00,23:20:00,23:59:00,no,no,no,,,,,
2019-07-22,6716,07:30:00,07:32:00,12:00:00,no,no,no,,,,,
2019-07-22,6125,08:00:00,08:20:00,11:05:00,no,no,no,,,,,
2019-07-22,5969,08:12:00,08:30:00,10:45:00,yes,no,,,,,,
2019-07-22,5381,09:00:00,09:05:00,11:00:00,yes,no,,,,,,
2019-07-22,6123,09:37:00,10:00:00,12:45:00,yes,no,,,,,,
2019-07-22,5375,09:40:00,09:42:00,11:15:00,yes,no,,,,,,
2019-07-22,5437,09:44:00,10:00:00,11:10:00,yes,no,,,,,,
2019-07-22,5297,10:45:00,11:00:00,12:30:00,no,no,no,,,,,
2019-07-22,5468,11:32:00,11:40:00,12:10:00,yes,no,,,,,,
2019-07-22,5343,11:54:00,12:00:00,12:30:00,yes,yes,,,,,,
2019-07-22,5021,12:03:00,12:40:00,15:14:00,no,no,no,,,,,
2019-07-22,5278,12:11:00,12:15:00,13:10:00,no,no,no,,,,,
2019-07-22,5475,12:56:00,13:00:00,13:30:00,no,no,no,,,,,
2019-07-22,5308,13:10:00,13:15:00,13:20:00,no,no,no,,,,,
2019-07-22,5469,13:27:00,13:30:00,14:25:00,,yes,,,,,,
2019-07-22,5383,13:30:00,13:35:00,14:40:00,,no,,,,,,
2019-07-22,5314,13:54:00,14:00:00,16:10:00,yes,no,,,,,,
2019-07-22,5020,14:16:00,14:30:00,15:00:00,yes,no,,,,,,
2019-07-22,5322,14:06:00,14:30:00,16:00:00,no,yes,no,,,,,
2019-07-22,6884,14:37:00,15:10:00,15:27:00,no,yes,no,,,,,
2019-07-22,5323,14:42:00,14:26:00,,,yes,,,,,,
2019-07-22,6891,15:03:00,14:58:00,16:40:00,no,yes,no,,,,,
2019-07-22,5335,15:35:00,15:30:00,18:00:00,yes,no,,,,,,
2019-07-22,5325,15:26:00,16:00:00,17:45:00,yes,no,,,,,,
2019-07-22,5281,15:56:00,16:00:00,16:20:00,yes,no,,,,,,
2019-07-22,5308,16:17:00,16:22:00,18:00:00,yes,no,,,,,,
2019-07-22,6131,16:19:00,16:20:00,17:00:00,yes,no,,,,,,
2019-07-22,5327,16:44:00,17:00:00,17:32:00,yes,no,,,,,,
2019-07-22,5284,17:20:00,18:20:00,21:30:00,yes,no,,,,,,
2019-07-22,5297,17:21:00,17:22:00,18:00:00,no,no,no,,,,,
2019-07-22,5495,17:22:00,17:24:00,19:00:00,yes,no,,,,,,
2019-07-22,5408,17:37:00,18:10:00,19:10:00,yes,yes,,,,,,
2019-07-22,5339,17:47:00,18:20:00,19:56:00,yes,no,,,,,,
2019-07-22,5276,18:00:00,18:10:00,19:00:00,yes,no,,,,,,
2019-07-22,5371,18:23:00,18:25:00,19:10:00,yes,no,,,,,,
2019-07-22,5283,18:33:00,18:55:00,19:15:00,no,no,no,,,,,
2019-07-22,6242,18:43:00,19:00:00,22:10:00,yes,no,,,,,,
2019-07-22,5283,18:45:00,19:00:00,08:00:00,yes,no,,,,,,
2019-07-22,5020,19:20:00,19:36:00,08:24:00,yes,no,,,,,,
2019-07-22,5606,19:43:00,19:49:00,20:10:00,no,no,no,,,,,
2019-07-22,5261,20:00:00,20:30:00,21:50:00,yes,yes,,,,,,
2019-07-22,6194,20:04:00,20:10:00,20:50:00,no,yes,no,,,,,
2019-07-22,5021,20:11:00,22:19:00,23:30:00,yes,yes,,,,,,
2019-07-22,5279,20:14:00,,21:00:00,yes,no,,,,,,
2019-07-22,6880,20:55:00,21:00:00,21:30:00,yes,yes,,,,,,
2019-07-22,5308,20:56:00,21:40:00,,yes,no,,,,,,
2019-07-22,5373,21:39:00,21:40:00,22:40:00,yes,yes,,,,,,
2019-07-22,6734,22:26:00,22:30:00,23:40:00,yes,no,,,,,,
2019-07-22,5293,22:46:00,23:00:00,,yes,no,,,,,,
2019-07-22,5441,23:08:00,,,,no,,,,,,
2019-07-23,5019,07:20:00,08:15:00,08:50:00,yes,yes,,,,,,
2019-07-23,6127,07:43:00,08:15:00,09:35:00,yes,no,,,,,,
2019-07-23,5391,07:50:00,08:15:00,09:16:00,yes,no,,,,,,
2019-07-23,5605,08:10:00,08:15:00,10:00:00,yes,no,,,,,,
2019-07-23,0039,08:24:00,08:46:00,10:00:00,yes,no,,,,,,
2019-07-23,5320,08:29:00,08:50:00,09:20:00,yes,yes,,,,,,
2019-07-23,5468,09:11:00,10:00:00,13:00:00,yes,no,,,,,,
2019-07-23,6793,09:12:00,09:30:00,10:20:00,no,no,no,,,,,
2019-07-23,5260,09:50:00,10:06:00,15:00:00,,yes,,,,,,
2019-07-23,6887,09:52:00,10:00:00,11:40:00,yes,no,,,,,,
2019-07-23,5308,10:24:00,10:40:00,12:40:00,yes,no,,,,,,
2019-07-23,6124,10:34:00,10:35:00,10:50:00,yes,no,,,,,,
2019-07-23,6134,10:48:00,10:50:00,11:30:00,no,no,no,,,,,
2019-07-23,5259,10:50:00,10:51:00,11:35:00,no,no,no,,,,,
2019-07-23,6715,10:54:00,11:00:00,11:00:00,no,no,no,,,,,
2019-07-23,6298,11:45:00,12:10:00,15:15:00,no,no,no,,,,,
2019-07-23,6893,11:50:00,11:54:00,13:35:00,,no,,,,,,
2019-07-23,6240,12:04:00,12:10:00,14:30:00,no,no,no,,,,,
2019-07-23,5248,12:16:00,13:00:00,15:10:00,,no,,,,,,
2019-07-23,0039,12:56:00,13:02:00,13:50:00,yes,no,,,,,,
2019-07-23,5298,13:35:00,14:10:00,15:30:00,yes,no,,,,,,
2019-07-23,5430,14:35:00,14:40:00,15:48:00,no,no,no,,,,,
2019-07-23,5417,14:52:00,15:00:00,16:30:00,no,no,no,,,,,
2019-07-23,5324,15:01:00,15:05:00,15:50:00,yes,no,,,,,,
2019-07-23,5438,15:17:00,15:20:00,16:10:00,yes,yes,,,,,,
2019-07-23,5303,15:26:00,16:00:00,16:42:00,no,no,no,,,,,
2019-07-23,5426,15:51:00,16:05:00,17:27:00,yes,no,,,,,,
2019-07-23,6207,15:45:00,18:00:00,19:50:00,no,no,no,,,,,
2019-07-23,6210,15:55:00,,18:00:00,,no,,,,,,
2019-07-23,6943,16:04:00,16:10:00,16:41:00,,no,,,,,,
2019-07-23,5468,16:25:00,17:36:00,18:50:00,,no,,,,,,
2019-07-23,5036,16:25:00,17:30:00,17:40:00,no,no,no,,,,,
2019-07-23,5332,16:56:00,17:00:00,19:00:00,,no,,,,,,
2019-07-23,6244,17:42:00,18:00:00,19:00:00,,yes,,,,,,
2019-07-23,5044,17:59:00,19:30:00,20:00:00,,no,,,,,,
2019-07-23,6880,18:47:00,21:00:00,,,no,,,,,,
2019-07-23,5338,18:49:00,19:00:00,19:30:00,,yes,,,,,,
2019-07-23,6779,19:14:00,19:20:00,21:30:00,no,no,no,,,,,
2019-07-23,5323,20:00:00,21:00:00,22:40:00,no,yes,no,,,,,
2019-07-23,5389,20:51:00,22:00:00,,no,no,no,,,,,
2019-07-23,5441,21:00:00,21:02:00,21:05:00,no,yes,no,,,,,
2019-07-23,5410,21:18:00,22:30:00,,no,no,no,,,,,
2019-07-23,5278,22:00:00,22:30:00,,,no,,,,,,
2019-07-23,5489,22:05:00,22:30:00,,,no,,,,,,
2019-07-23,6797,22:12:00,22:30:00,,,no,,,,,,
2019-07-24,6204,07:22:00,07:40:00,09:35:00,yes,yes,,,,,,
2019-07-24,5468,07:35:00,07:35:00,09:15:00,yes,no,,,,,,
2019-07-24,6698,08:06:00,08:10:00,08:40:00,no,no,no,,,,,
2019-07-24,5278,08:15:00,08:33:00,10:30:00,no,yes,no,,,,,
2019-07-24,6207,08:47:00,09:00:00,10:15:00,,yes,,,,,,
2019-07-24,5414,09:36:00,09:40:00,11:20:00,,no,,,,,,
2019-07-24,6943,10:00:00,10:42:00,12:36:00,yes,yes,,,,,,
2019-07-24,5405,10:19:00,11:00:00,13:10:00,yes,no,,,,,,
2019-07-24,6190,10:34:00,10:40:00,14:00:00,no,no,no,,,,,
2019-07-24,6189,10:40:00,11:00:00,14:20:00,no,no,no,,,,,
2019-07-24,5607,10:40:00,12:30:00,13:10:00,no,no,no,,,,,
2019-07-24,5035,11:56:00,12:15:00,14:40:00,no,yes,no,,,,,
2019-07-24,6240,13:01:00,13:10:00,15:00:00,,no,,,,,,
2019-07-24,5020,13:10:00,13:50:00,15:00:00,,no,,,,,,
2019-07-24,5486,13:32:00,13:33:00,,,no,,,,,,
2019-07-24,5017,14:20:00,14:21:00,15:20:00,,no,,,,,,
2019-07-24,5493,14:50:00,15:00:00,17:00:00,,no,,,,,,
2019-07-24,5416,15:07:00,,,no,no,no,,,,,
2019-07-24,5425,15:10:00,16:00:00,18:45:00,yes,no,,,,,,
2019-07-24,6780,15:12:00,17:00:00,18:40:00,no,yes,no,,,,,
2019-07-24,5387,15:18:00,15:30:00,16:50:00,yes,no,,,,,,
2019-07-24,5020,15:20:00,16:00:00,17:37:00,yes,no,,,,,,
2019-07-24,5322,15:30:00,16:17:00,16:31:00,yes,no,,,,,,
2019-07-24,5440,15:30:00,16:00:00,18:43:00,yes,yes,,,,,,
2019-07-24,6210,15:33:00,16:00:00,21:40:00,no,no,no,,,,,
2019-07-24,6947,15:39:00,15:40:00,16:20:00,yes,no,,,,,,
2019-07-24,5332,15:48:00,16:00:00,17:30:00,yes,no,,,,,,
2019-07-24,6884,15:50:00,15:51:00,,no,no,no,,,,,
2019-07-24,5339,15:53:00,15:54:00,17:20:00,no,no,no,,,,,
2019-07-24,5284,16:00:00,,18:29:00,no,no,no,,,,,
2019-07-24,5417,16:04:00,,17:00:00,no,no,no,,,,,
2019-07-24,5429,16:38:00,,20:30:00,yes,no,,,,,,
2019-07-24,6194,16:41:00,16:42:00,17:00:00,yes,no,,,,,,
2019-07-24,5386,16:49:00,18:00:00,19:50:00,yes,no,,,,,,
2019-07-24,5036,16:51:00,17:20:00,18:00:00,yes,no,,,,,,
2019-07-24,5316,16:51:00,16:00:00,17:03:00,yes,no,,,,,,
2019-07-24,5426,17:39:00,17:41:00,,no,no,no,,,,,
2019-07-24,5017,18:00:00,,18:12:00,no,no,no,,,,,
2019-07-24,6945,18:02:00,19:04:00,19:30:00,yes,no,,,,,,
2019-07-24,6214,18:03:00,,,yes,no,,,,,,
2019-07-24,5283,18:30:00,,,no,no,no,,,,,
2019-07-24,5377,18:33:00,18:40:00,18:40:00,no,no,no,,,,,
2019-07-24,5404,18:44:00,,19:40:00,no,no,no,,,,,
2019-07-24,5372,19:00:00,19:40:00,20:36:00,yes,no,,,,,,
2019-07-24,5375,19:30:00,19:40:00,,yes,no,,,,,,
2019-07-24,5338,19:32:00,,,no,no,no,,,,,
2019-07-24,5488,19:52:00,22:00:00,23:40:00,yes,no,,,,,,
2019-07-24,5299,19:57:00,,20:00:00,no,no,no,,,,,
2019-07-24,6197,20:30:00,21:28:00,01:30:00,yes,no,,,,,,
2019-07-24,5034,20:11:00,21:10:00,00:15:00,yes,yes,,,,,,
2019-07-24,6242,20:12:00,,,yes,no,,,,,,
2019-07-24,5046,20:17:00,20:20:00,22:40:00,yes,no,,,,,,
2019-07-24,6189,20:21:00,22:30:00,01:00:00,yes,no,,,,,,
2019-07-24,6947,20:51:00,22:30:00,02:14:00,yes,yes,,,,,,
2019-07-24,5443,21:10:00,21:11:00,11:00:00,yes,yes,,,,,,
2019-07-24,6244,21:56:00,21:57:00,22:28:00,no,no,no,,,,,
2019-07-24,5430,22:07:00,22:27:00,,yes,no,,,,,,
2019-07-24,5496,22:08:00,,22:26:00,yes,no,,,,,,
2019-07-24,5303,22:39:00,22:40:00,02:30:00,yes,no,,,,,,
2019-07-25,6236,07:00:00,08:40:00,11:57:00,no,no,no,,,,,
2019-07-25,5437,08:30:00,08:45:00,10:50:00,yes,no,,,,,,
2019-07-25,5605,09:16:00,10:00:00,10:40:00,no,yes,no,,,,,
2019-07-25,5429,10:36:00,11:00:00,12:10:00,no,no,no,,,,,
2019-07-25,5034,10:59:00,11:00:00,12:44:00,no,no,no,,,,,
2019-07-25,5315,11:02:00,11:02:00,12:20:00,,no,,,,,,
2019-07-25,5438,12:01:00,12:10:00,13:00:00,,no,,,,,,
2019-07-25,5342,12:50:00,13:00:00,15:00:00,,yes,,,,,,
2019-07-25,6897,14:42:00,14:45:00,15:40:00,yes,no,,,,,,
2019-07-25,5378,14:54:00,15:05:00,15:50:00,,yes,,,,,,
2019-07-25,6893,15:05:00,15:15:00,15:53:00,no,no,no,,,,,
2019-07-25,6135,15:09:00,15:15:00,17:00:00,no,yes,no,,,,,
2019-07-25,6944,15:10:00,16:00:00,17:30:00,yes,no,,,,,,
2019-07-25,5408,15:30:00,15:50:00,17:52:00,no,yes,no,,,,,
2019-07-25,6880,15:32:00,16:00:00,,no,no,no,,,,,
2019-07-25,6213,16:00:00,16:13:00,17:35:00,yes,yes,,,,,,
2019-07-25,5467,16:22:00,16:24:00,17:40:00,yes,no,,,,,,
2019-07-25,6204,16:40:00,16:41:00,17:40:00,yes,no,,,,,,
2019-07-25,6799,16:41:00,16:42:00,16:50:00,yes,no,,,,,,
2019-07-25,6196,16:46:00,16:50:00,18:30:00,yes,yes,,,,,,
2019-07-25,5303,16:57:00,17:10:00,17:15:00,no,no,no,,,,,
2019-07-25,6714,17:25:00,17:26:00,17:50:00,yes,no,,,,,,
2019-07-25,5416,17:50:00,17:55:00,18:40:00,no,yes,no,,,,,
2019-07-25,6780,17:54:00,18:10:00,,yes,no,,,,,,
2019-07-25,5149,18:22:00,18:44:00,19:20:00,no,no,no,,,,,
2019-07-25,5417,18:25:00,,18:26:00,no,no,no,,,,,
2019-07-25,5488,18:35:00,19:00:00,,yes,no,,,,,,
2019-07-25,5606,18:54:00,19:13:00,20:15:00,yes,yes,,,,,,
2019-07-25,5326,19:14:00,19:40:00,,yes,no,,,,,,
2019-07-25,5473,19:19:00,,20:20:00,no,no,no,,,,,
2019-07-25,5478,19:23:00,19:24:00,20:30:00,yes,no,,,,,,
2019-07-25,5376,19:40:00,,,yes,yes,,,,,,
2019-07-25,6123,19:49:00,,20:56:00,yes,yes,,,,,,
2019-07-25,5327,20:28:00,22:40:00,23:45:00,yes,no,,,,,,
2019-07-25,5338,20:29:00,20:40:00,21:25:00,no,no,no,,,,,
2019-07-25,6197,01:30:00,21:00:00,22:10:00,yes,no,,,,,,
2019-07-25,6126,21:00:00,21:05:00,21:29:00,yes,no,,,,,,
2019-07-25,5443,21:08:00,22:40:00,23:00:00,yes,no,,,,,,
2019-07-25,5036,21:30:00,22:40:00,23:40:00,yes,no,,,,,,
2019-07-26,5436,09:00:00,09:30:00,10:19:00,yes,no,,,,,,
2019-07-26,5308,09:30:00,09:40:00,10:30:00,,no,,,,,,
2019-07-26,5423,10:11:00,10:15:00,12:20:00,no,no,no,,,,,
2019-07-26,5381,10:01:00,10:40:00,12:40:00,yes,yes,,,,,,
2019-07-26,6880,10:19:00,10:22:00,11:15:00,,no,,,,,,
2019-07-26,5330,11:00:00,11:17:00,14:42:00,,no,,,,,,
2019-07-26,5473,11:01:00,11:05:00,13:00:00,yes,no,,,,,,
2019-07-26,5377,11:02:00,11:03:00,12:20:00,yes,no,,,,,,
2019-07-26,5012,11:20:00,11:22:00,11:30:00,,no,,,,,,
2019-07-26,6235,12:30:00,12:35:00,14:30:00,,no,,,,,,
2019-07-26,5391,13:33:00,13:40:00,14:50:00,,yes,,,,,,
2019-07-26,5486,13:40:00,13:51:00,14:20:00,,no,,,,,,
2019-07-26,5036,13:47:00,14:00:00,15:20:00,yes,yes,,,,,,
2019-07-26,5327,14:43:00,14:44:00,17:20:00,no,no,no,,,,,
2019-07-26,5492,14:56:00,15:00:00,15:50:00,yes,yes,,,,,,
2019-07-26,6202,15:00:00,15:10:00,16:20:00,,no,,,,,,
2019-07-26,5335,15:19:00,15:30:00,17:30:00,no,no,no,,,,,
2019-07-26,5384,15:55:00,16:30:00,17:40:00,yes,no,,,,,,
2019-07-26,6245,16:01:00,16:20:00,17:48:00,yes,no,,,,,,
2019-07-26,6190,16:32:00,16:36:00,17:00:00,yes,no,,,,,,
2019-07-26,5440,16:23:00,16:30:00,18:00:00,no,no,no,,,,,
2019-07-26,5260,16:26:00,16:31:00,17:10:00,no,no,no,,,,,
2019-07-26,5386,16:39:00,16:50:00,19:00:00,yes,no,,,,,,
2019-07-26,5607,16:43:00,,,yes,no,,,,,,
2019-07-26,6779,16:56:00,17:30:00,19:30:00,yes,no,,,,,,
2019-07-26,5278,17:18:00,,,yes,no,,,,,,
2019-07-26,6240,17:19:00,18:00:00,21:20:00,yes,no,,,,,,
2019-07-26,5336,17:21:00,18:00:00,,yes,no,,,,,,
2019-07-26,5439,17:31:00,17:49:00,18:30:00,yes,no,,,,,,
2019-07-26,5385,17:45:00,18:00:00,21:00:00,yes,no,,,,,,
2019-07-26,5377,18:00:00,18:10:00,,yes,no,,,,,,
2019-07-26,6210,18:47:00,19:00:00,23:00:00,yes,no,,,,,,
2019-07-26,6191,18:23:00,18:41:00,19:10:00,,no,,,,,,
2019-07-26,5009,19:40:00,21:40:00,,yes,yes,,,,,,
2019-07-26,6135,21:22:00,21:33:00,22:17:00,yes,no,,,,,,
2019-07-26,5342,21:37:00,,21:50:00,yes,no,,,,,,
2019-07-26,5408,,,,,,,,,,,
2019-07-26,5303,22:34:00,,,,no,,,,,,
2019-07-26,5013,22:40:00,22:50:00,,yes,no,,,,,,
2019-07-27,6210,07:38:00,07:40:00,10:20:00,,no,,,,,,
2019-07-27,5408,07:40:00,07:42:00,11:30:00,,no,,,,,,
2019-07-27,5430,08:46:00,08:50:00,09:15:00,,no,,,,,,
2019-07-27,6240,09:44:00,09:50:00,12:00:00,,yes,,,,,,
2019-07-27,5381,10:01:00,10:05:00,12:00:00,,no,,,,,,
2019-07-27,5387,10:11:00,10:15:00,12:00:00,no,no,no,,,,,
2019-07-27,5495,10:12:00,10:15:00,12:25:00,no,yes,no,,,,,
2019-07-27,5248,10:17:00,10:20:00,14:14:00,,no,,,,,,
2019-07-27,6944,10:22:00,10:22:00,11:00:00,,yes,,,,,,
2019-07-27,5314,10:50:00,10:55:00,11:42:00,no,yes,no,,,,,
2019-07-27,6698,10:58:00,11:00:00,12:00:00,no,no,no,,,,,
2019-07-27,5343,11:10:00,11:12:00,12:20:00,,no,,,,,,
2019-07-27,6787,11:21:00,12:00:00,13:45:00,,no,,,,,,
2019-07-27,6886,11:30:00,12:18:00,14:35:00,,no,,,,,,
2019-07-27,6780,11:49:00,12:06:00,13:30:00,,yes,,,,,,
2019-07-27,5441,12:15:00,12:20:00,14:52:00,yes,no,,,,,,
2019-07-27,5239,12:25:00,12:30:00,12:37:00,,no,,,,,,
2019-07-27,6127,12:57:00,13:00:00,15:15:00,,no,,,,,,
2019-07-27,6792,14:00:00,14:01:00,15:36:00,,no,,,,,,
2019-07-27,6891,14:06:00,14:10:00,15:45:00,yes,yes,,,,,,
2019-07-27,5473,14:17:00,14:33:00,16:10:00,,no,,,,,,
2019-07-27,5476,14:28:00,14:30:00,17:15:00,,yes,,,,,,
2019-07-27,5328,14:53:00,15:00:00,15:10:00,,no,,,,,,
2019-07-27,6881,14:55:00,15:00:00,16:00:00,,no,,,,,,
2019-07-27,5413,15:18:00,16:10:00,17:00:00,no,no,no,,,,,
2019-07-27,5280,15:19:00,15:19:00,16:10:00,yes,no,,,,,,
2019-07-27,5019,15:34:00,15:45:00,16:10:00,yes,no,,,,,,
2019-07-27,5424,15:56:00,16:15:00,,yes,no,,,,,,
2019-07-27,5017,16:02:00,16:15:00,17:00:00,no,no,no,,,,,
2019-07-27,6194,16:05:00,16:17:00,17:10:00,no,no,no,,,,,
2019-07-27,5035,16:42:00,16:18:00,20:08:00,yes,no,,,,,,
2019-07-27,5385,17:16:00,17:17:00,,no,no,no,,,,,
2019-07-27,6199,17:19:00,,,yes,no,,,,,,
2019-07-27,5249,18:04:00,18:10:00,18:10:00,no,no,no,,,,,
2019-07-27,5020,18:10:00,,18:10:00,yes,no,,,,,,
2019-07-27,5331,18:30:00,18:50:00,18:50:00,yes,no,,,,,,
2019-07-27,5438,18:32:00,18:50:00,19:05:00,yes,yes,,,,,,
2019-07-27,6946,18:58:00,,20:58:00,no,no,no,,,,,
2019-07-27,5284,19:15:00,,,no,no,no,,,,,
2019-07-27,5293,19:20:00,,19:40:00,yes,yes,,,,,,
2019-07-27,6210,19:32:00,,19:57:00,no,no,no,,,,,
2019-07-27,5443,19:40:00,,20:50:00,no,no,no,,,,,
2019-07-27,5019,22:22:00,,,yes,no,,,,,,
2019-07-27,5296,21:07:00,21:16:00,21:30:00,no,no,no,,,,,
2019-07-27,5333,21:41:00,22:50:00,23:20:00,yes,no,,,,,,
2019-07-27,5020,22:11:00,22:20:00,23:30:00,yes,no,,,,,,
2019-07-27,5043,21:58:00,22:07:00,22:36:00,yes,yes,,,,,,
2019-07-27,6717,22:14:00,,,yes,no,,,,,,
2019-07-27,5375,23:06:00,23:10:00,01:30:00,yes,no,,,,,,
2019-07-28,5021,06:40:00,07:00:00,09:40:00,yes,no,,,,,,
2019-07-28,5336,07:38:00,07:40:00,08:30:00,no,no,no,,,,,
2019-07-28,5009,07:48:00,09:00:00,10:00:00,yes,no,,,,,,
2019-07-28,6886,08:10:00,09:27:00,10:30:00,yes,no,,,,,,
2019-07-28,5249,08:19:00,08:21:00,09:20:00,no,no,no,,,,,
2019-07-28,5386,08:40:00,09:00:00,09:30:00,yes,no,,,,,,
2019-07-28,6881,09:00:00,09:19:00,10:20:00,yes,no,,,,,,
2019-07-28,5374,08:55:00,10:00:00,13:20:00,no,no,no,,,,,
2019-07-28,6235,09:20:00,10:40:00,13:00:00,yes,no,,,,,,
2019-07-28,5312,09:41:00,11:00:00,13:40:00,yes,no,,,,,,
2019-07-28,6191,10:00:00,10:01:00,10:40:00,yes,no,,,,,,
2019-07-28,5377,08:15:00,09:00:00,10:30:00,yes,no,,,,,,
2019-07-28,6794,10:10:00,10:30:00,12:00:00,yes,no,,,,,,
2019-07-28,6787,10:18:00,10:19:00,11:50:00,yes,no,,,,,,
2019-07-28,5043,11:16:00,11:20:00,12:00:00,yes,no,,,,,,
2019-07-28,6197,13:15:00,13:30:00,13:45:00,yes,no,,,,,,
2019-07-28,5017,13:56:00,14:08:00,14:50:00,no,no,no,,,,,
2019-07-28,6202,14:32:00,14:45:00,15:36:00,no,no,no,,,,,
2019-07-28,6879,14:43:00,15:30:00,16:00:00,no,no,no,,,,,
2019-07-28,5020,15:11:00,15:18:00,16:00:00,no,no,no,,,,,
2019-07-28,6193,15:25:00,15:45:00,16:10:00,yes,no,,,,,,
2019-07-28,6717,15:36:00,15:41:00,17:10:00,yes,no,,,,,,
2019-07-28,5377,15:38:00,15:41:00,16:10:00,no,no,no,,,,,
2019-07-28,5605,15:45:00,15:46:00,16:40:00,no,no,no,,,,,
2019-07-28,6134,16:00:00,16:00:00,16:05:00,no,no,no,,,,,
2019-07-28,6192,16:30:00,16:32:00,17:00:00,no,no,no,,,,,
2019-07-28,5332,16:35:00,16:45:00,17:05:00,no,no,no,,,,,
2019-07-28,5391,16:40:00,16:45:00,17:20:00,yes,no,,,,,,
2019-07-28,5608,17:10:00,17:12:00,18:15:00,yes,no,,,,,,
2019-07-28,5381,17:15:00,17:15:00,17:15:00,no,no,no,,,,,
2019-07-28,5255,17:17:00,17:20:00,17:50:00,yes,no,,,,,,
2019-07-28,5256,17:20:00,17:25:00,18:00:00,yes,no,,,,,,
2019-07-28,5341,18:00:00,18:05:00,19:10:00,no,no,no,,,,,
2019-07-28,6792,18:55:00,19:00:00,19:30:00,no,no,no,,,,,
2019-07-28,5429,19:00:00,19:13:00,10:10:00,no,no,no,,,,,
2019-07-28,5330,19:15:00,19:17:00,19:40:00,no,no,no,,,,,
2019-07-28,5150,19:25:00,19:30:00,19:30:00,no,no,no,,,,,
2019-07-28,6249,19:40:00,19:30:00,19:40:00,no,no,no,,,,,
2019-07-28,6239,19:50:00,19:55:00,21:00:00,no,no,no,,,,,
2019-07-28,6242,21:00:00,21:20:00,21:24:00,no,no,no,,,,,
2019-07-28,5255,21:45:00,21:50:00,22:30:00,yes,no,,,,,,
2019-07-28,6943,21:50:00,22:00:00,22:30:00,yes,no,,,,,,
2019-07-28,6191,21:52:00,22:00:00,22:30:00,yes,no,,,,,,
2019-07-28,6879,21:50:00,21:59:00,23:29:00,yes,no,,,,,,
2019-07-28,6202,22:49:00,23:00:00,00:15:00,yes,no,,,,,,
2019-07-29,5441,07:20:00,08:00:00,09:40:00,no,no,no,,,,,
2019-07-29,5384,07:21:00,08:00:00,08:20:00,no,no,no,,,,,
2019-07-29,6126,07:22:00,07:20:00,08:00:00,yes,no,,,,,,
2019-07-29,5408,08:03:00,08:20:00,10:05:00,yes,no,,,,,,
2019-07-29,6879,08:28:00,08:32:00,09:20:00,no,no,no,,,,,
2019-07-29,5606,08:45:00,11:30:00,12:00:00,yes,no,,,,,,
2019-07-29,5258,09:11:00,09:30:00,10:50:00,yes,no,,,,,,
2019-07-29,6897,09:30:00,09:31:00,10:25:00,yes,no,,,,,,
2019-07-29,5335,10:00:00,10:30:00,11:00:00,yes,no,,,,,,
2019-07-29,5413,10:16:00,10:45:00,11:10:00,yes,no,,,,,,
2019-07-29,6891,11:10:00,11:39:00,12:48:00,no,no,no,,,,,
2019-07-29,5431,11:21:00,11:32:00,14:00:00,yes,no,,,,,,
2019-07-29,5339,11:50:00,11:50:00,11:50:00,no,no,no,,,,,
2019-07-29,5303,12:31:00,12:32:00,13:20:00,yes,no,,,,,,
2019-07-29,5315,12:35:00,12:50:00,12:37:00,yes,no,,,,,,
2019-07-29,6776,12:50:00,12:51:00,15:30:00,yes,no,,,,,,
2019-07-29,5328,12:59:00,13:00:00,14:30:00,yes,no,,,,,,
2019-07-29,5323,13:38:00,14:00:00,17:06:00,yes,no,,,,,,
2019-07-29,6199,13:45:00,14:10:00,15:15:00,yes,yes,,,,,,
2019-07-29,6897,13:48:00,15:03:00,15:40:00,yes,yes,,,,,,
2019-07-29,5342,14:02:00,14:10:00,14:55:00,no,no,no,,,,,
2019-07-29,5492,14:19:00,15:30:00,16:40:00,yes,yes,,,,,,
2019-07-29,6202,14:34:00,16:00:00,16:30:00,yes,no,,,,,,
2019-07-29,5043,14:54:00,14:56:00,16:15:00,yes,no,,,,,,
2019-07-29, 5328,15:10:00,15:40:00,17:38:00,yes,no,,,,,,
2019-07-29,6892,15:30:00,15:50:00,17:00:00,yes,no,,,,,,
2019-07-29,5259,15:19:00,15:30:00,17:45:00,yes,no,,,,,,
2019-07-29,5471,15:51:00,16:00:00,16:30:00,yes,no,,,,,,
2019-07-29,5257,16:00:00,16:01:00,17:25:00,yes,yes,,,,,,
2019-07-29,6190,16:05:00,16:08:00,17:00:00,yes,no,,,,,,
2019-07-29,6191,16:09:00,16:10:00,17:30:00,yes,no,,,,,,
2019-07-29,5312,16:05:00,16:45:00,17:30:00,yes,no,,,,,,
2019-07-29,5416,16:10:00,18:00:00,20:00:00,yes,yes,,,,,,
2019-07-29,6885,17:20:00,18:00:00,17:30:00,yes,no,,,,,,
2019-07-29,5336,17:51:00,17:59:00,18:28:00,yes,no,,,,,,
2019-07-29,5446,18:22:00,18:30:00,19:26:00,yes,no,,,,,,
2019-07-29,6715,18:24:00,19:22:00,20:40:00,yes,no,,,,,,
2019-07-29,6779,18:34:00,19:00:00,19:30:00,yes,yes,,,,,,
2019-07-29,6190,18:40:00,19:00:00,21:00:00,no,no,no,,,,,
2019-07-29,5276,18:55:00,19:30:00,21:45:00,no,no,no,,,,,
2019-07-29,5256,19:29:00,19:30:00,22:00:00,yes,yes,,,,,,
2019-07-29,5606,19:33:00,19:34:00,21:25:00,yes,no,,,,,,
2019-07-29,5496,20:09:00,20:10:00,22:30:00,yes,yes,,,,,,
2019-07-29,5382,20:24:00,20:30:00,21:40:00,yes,yes,,,,,,
2019-07-29,6128,20:28:00,21:00,22:00:00,yes,no,,,,,,
2019-07-29,5330,22:10:00,22:37:00,23:30:00,yes,no,,,,,,
2019-07-30,6898,06:10:00,08:10:00,09:40:00,yes,yes,,,,,,
2019-07-30,5471,06:48:00,11:10:00,11:45:00,yes,yes,,,,,,
2019-07-30,5416,08:12:00,9:00:00,09:30:00,no,yes,no,,,,,
2019-07-30,5149,08:30:00,09:00:00,09:30:00,yes,no,,,,,,
2019-07-30,5429,08:46:00,09:00:00,09:30:00,no,no,no,,,,,
2019-07-30,6880,08:50:00,08:50:00,09:15:00,no,no,no,,,,,
2019-07-30,5488,09:18:00,09:35:00,10:15:00,yes,yes,,,,,,
2019-07-30,5390,09:48:00,10:00:00,10:35:00,no,yes,no,,,,,
2019-07-30,6943,10:00:00,10:00:00,10:25:00,yes,no,,,,,,
2019-07-30,6245,10:10:00,10:30:00,11:34:00,yes,no,,,,,,
2019-07-30,5326,10:39:00,11:00:00,11:48:00,no,no,no,,,,,
2019-07-30,5423,10:55:00,11:10:00,11:55:00,yes,no,,,,,,
2019-07-30,5010,11:11:00,11:30:00,12:15:00,yes,no,,,,,,
2019-07-30,5046,11:28:00,11:45:00,12:30:00,no,no,no,,,,,
2019-07-30,5026,11:30:00,11:50:00,12:30:00,no,no,no,,,,,
2019-07-30,6239,11:54:00,12:00:00,12:45:00,no,no,no,,,,,
2019-07-30,5489,12:05:00,12:10:00,12:30:00,no,no,no,,,,,
2019-07-30,6716,17:32:00,17:35:00,18:00:00,yes,yes,,,,,,
2019-07-30,5036,17:37:00,17:45:00,18:00:00,yes,yes,,,,,,
2019-07-30,5306,17:52:00,18:30:00,18:45:00,yes,no,,,,,,
2019-07-30,6191,18:01:00,18:30:00,18:55:00,no,yes,no,,,,,
2019-07-30,6198,18:02:00,18:20:00,18:59:00,no,no,no,,,,,
2019-07-30,5416,18:11:00,18:35:00,19:05:00,yes,no,,,,,,
2019-07-30,6887,18:21:00,18:22:00,19:10:00,no,no,no,,,,,
2019-07-30,5297,18:46:00,18:59:00,19:35:00,yes,no,,,,,,
2019-07-30,6187,18:51:00,19:25:00,19:59:00,yes,no,,,,,,
2019-07-30,6136,19:00:00,19:30:30,20:30:00,yes,no,,,,,,